0	4680	СТУК

5380	5920	Да.

6420	7360	Это борода.

8020	11020	Я уже спрашивал вас в моем СИГРАМ Каналии.

11020	13900	Вы сказали океи, го, вот только так надо снимать.

14080	14800	А через просидю вас,

14840	16580	зрители новичевых, как вам моя борода.

16820	17840	Прошу вас и не ругать,

18260	19730	она молода, она стесняется.

19940	23100	Я очень неловко и очень неловко прямо сейчас.

24450	25460	И как видите,

25780	26960	у меня даже тримеры ты не был.

27060	27980	Я не был готов, бороде.

28540	30380	Вообще напишите, как моя борода, а я начинаю выпуск.

31520	33240	И у меня для вас вопрос,

33360	35240	кто из вас был в омске.

35340	37200	Даже если вы не были там не дня,

37280	39880	вы легко запомните с хему их не тро.

40460	40980	Вот она.

41480	43180	Библиотека имени пушкина.

43600	46020	Да, всего одна станция, и с нее никуда не уедешь,

46180	48020	и да не от куда не выберешься.

48140	50120	Затевнее побелечку не получится.

50360	50880	Ведь она

52320	52980	законсировирована в Москве.

53200	53980	Такой проблем и нет.

54120	57020	Здесь открывается до десяти станции каждый год.

57380	59880	Вот не поверите, но я, когда захожу в метро до сих пор,

59940	63200	ориентируюсь вот по этой схеме из 2010-го с одной кольцевой.

63340	65000	Хотя на самом деле метро выглядит вот так,

65220	66220	и это за 15 лет.

66520	67040	А вот так,

67040	69260	подземка должна выглядеть в 2000-м году.

69340	71060	Представьте целый отдел инженеров.

71420	71700	Сидит,

71880	74720	это сочиняет кулдабы и впихнуть очередную ветку.

75500	79560	Им нужны учить в плотность населения нагрузку на транспорте Особнительон шавта.

80300	82560	Сложная лагистическая задача,

83000	83420	с которой

84340	85920	справится даже...

85920	86020	Плеси.

86380	89400	Итак, в вашем вниманию физором много главой.

89460	90060	Слизивикой,

90060	92580	главная звезда, науч попо последних десят лет.

92960	93740	Это не растение.

94100	95860	Не животное и даже не гриб.

96400	98860	Он что-то вроде амёбы, который доказывает,

99340	100620	что чтобы быть умным.

101140	101800	Не нужен мозг.

102240	102720	Услизивика,

103020	103640	его тупанет.

104060	108520	Но он за сутки выспроязвял машуты всех железных дорог вокруг токе,

108600	109160	а только в думайтесь.

109380	110220	Аккуна-то сделал?

111240	112360	Просто хотел есть.

112740	115900	Слизивик любит овсянку и не любит солнечный свет.

116140	118080	Эти два факта учёны и использовали.

118420	119660	Они взяли карту токе.

119980	122140	В местах станции городов разложили офсянку,

122460	123800	а там где горы и озера,

124000	127100	через которые нельзя строить светили слизивику и ярким светом.

127480	128620	Уже через несколько часов,

128820	131380	в слизивик начал тянуть кейде своей цеплазменной тяже.

131940	132700	Постипенно.

133180	135480	Он заполнил все пространство виновсшего еду.

135980	139700	Вместе с питательными веществами внутреннего стало перетекать информация.

140180	143540	Совсем скоро из всех маршрутов остались только кратчайшие,

143900	145880	а остальные буквально растворились.

146300	147140	Карта готова.

147440	150600	Когда ее наложение на существующую сетху железных дорог в токе,

150680	153500	оказалось, что они почти полностью совпали.

153900	154300	То есть то,

154540	156140	что инженер, проектировали годами,

156640	158040	слизивик воспроязвивал засутки.

158940	159660	А как это возможно?

160860	161380	Дело в том,

161680	164180	что ты за у людей и амёб были похожими.

164540	166360	У инженеров задачи проложить линии,

166540	168120	затратив не ему материалов.

168620	172180	У слизивикат добраться до еды используя минимум своего тела.

172540	175040	Это как ночью дойти до холодильника не включаем мозг,

175440	177260	ведь у слизивика мозг и нет.

177820	179400	Пока мы думаем, физорум действует.

179960	183240	По такому же принципу он воспроязвивал железные дороги британи,

183500	186240	испани, португали и кучи других стран.

186580	188640	Его даже хотели использовать как архиолога.

188800	188900	Показывать,

189560	191320	если звику карту Ривской империи,

191460	194460	а он предсказывает, как могла бы выглядеть дорогами между городами.

194760	197600	В этих местах вы устраивает и раскопки и находите.

197920	200180	Тут самый дорогу, который предсказал слизивик.

200600	202020	Хоть в лаберинте его заточить,

202200	203460	он всё равно найдет из него выход.

203840	206540	Они слишком немного для одной амёпы переростка.

206840	208080	А кто вам сказал,

208280	209020	что она здесь одна?

209460	211540	Физорум неспростанно называют многоглавом.

212160	214660	Когда-то это ложится плесени,

215020	216700	состояла из миллионов отдельно хосабиль.

217140	218980	Эти белые точки, тупые амёбы,

219400	221280	которые бегают туда сюда пожарая субстрад.

221600	224880	Но когда еда заканчивается и наступает тяжелое времена,

225440	227380	они стекаются в единой организм.

227880	228600	Слизивика,

228880	230160	и вот он уже не так глуп,

230560	233720	строит маршруты и даже обладает подобие им памяти.

234120	237560	Думаете, слизивик, способен на интеллектуальный подвиги только радииды?

238720	239280	Ах, в шевинисты,

239600	240580	вы его не дается и не выйти.

241060	241800	Он способен ещё.

242140	242930	И ради размножения.

243160	243260	Поэтому,

243940	245860	когда он чувствует, что конец близок,

246240	249420	он отращивает на теле капсулы с потомством похожие на грибы.

249780	251460	Но трених единственные клетки,

251860	255620	которые выживут, они легкие и ветер унесёт их в другую часть леса.

255920	256400	Подальше,

256780	259060	одерьмо в ухусловии, в которых жил слезивик.

259200	259900	Теперь его дети,

260260	261060	тупые амёбы,

261400	263320	проживут лучшую жизнь, чем он сам.

263620	265940	А вот теперь самое время задаться вопросом.

267900	270360	Что вообще происходит?

270800	271480	Почему это веден,

271540	272800	называется рывой интеллект?

273040	274120	А вы, несколько минут,

274520	276760	слушайте, захватывающую историю про слезивик,

276940	277240	а?

277240	280000	Всё потому, что рывы мы интеллекта называют его поведение.

280980	287080	И для рывого интеллекта не нужен какой-либо мозг или какой-нибудь один единый центр принятия решений.

287500	287800	Не нужен.

288400	291280	Десятки тупых амёп слеваются в умного слезивика.

291440	294320	Тысячи муравьёв строит мастые плоты и собственных тел.

294520	296920	Термины возводят целые города в пустыне.

297140	299140	В тице летают сложенный стай,

299340	302240	а рыбы, к сиками вводят в супер крупных хищников,

302460	303560	чтобы технисъели.

304000	304900	Разные существа,

304900	309940	как транспорми, рассобираются вместе, чтобы выйти на качественно другой уровень жизни.

310560	313140	Да, друзья, на нашей планете в разных условиях

313140	315560	и в совершенно-разном масштабе миллионы

316140	317580	глупых организмов собираясь вместе,

318240	321500	обретают нечто напоминающая разум.

322140	322880	Разум, Рое.

325440	329300	Сейчас мы узнаете, для какой задачи не хватит всего времени на Земле.

329360	330800	Как заставить муравь я думать,

331020	333800	что он умер, а потом вернулся вставу света, что происходит,

334320	337420	когда алгоритмы с боят умиллионов на секомах сразу,

337460	339300	как в пустыне построить дом,

339520	341200	который будет охлаждать ещё сам себя,

341300	343440	как перевести на русский язык в чел.

343600	347100	Что они там нам говорят и как объясняют друг другу углы и расстояния?

347160	349360	Почему пчелом нельзя смотреть в зеркало?

349500	352660	Зачем кольмары во время охоты имитируют свецвёс?

352780	356240	Так бактерии в кишечнике выбирают хозяевом половых партнёров,

356360	362380	на что похож самое огромные в мире интеллик и как своими глазами увидеть и валютцию в бутылке.

362780	365400	Это будет очень интеллектуайный выпуск.

366160	367060	Садитесь по удобней.

385540	390440	ДИНАМИЧНАЯ МУЗЫКА

392800	393180	Где я?

395120	397440	И почему это странно, а дет,

398500	399460	персиски ковры,

399860	400440	интерьеры,

402140	402520	пуфле,

402940	403200	сузуки?

405440	409180	Задумайся, когда-нибудь, как сложно было арендовать подобное жилье, допустим,

409480	410220	150 лет назад.

410780	412480	А чало нужно было

413160	413840	упеть газету.

416660	420300	Вот шести комнатная квартира с водопроводом по вырымолокеем.

420360	421800	Выкделана, примерно вот так.

422100	423900	Но были варианты по проще, например,

424420	425020	только комната.

425380	426040	Ещё проще,

426160	427300	тогда угл в комнате.

427520	428700	Не хватает даже на угл,

428980	431800	тогда для вас в койка или даже половина койки.

432020	434020	Это минимальная гиденица жилья.

434340	436200	Не умеете читать в не страшных,

436260	438580	большинство в то время тоже не умеет читать.

438980	441680	Поэтому для них на окнах веселец специальной нестки.

442100	443980	Сини для сьема целые квартиры.

444180	445460	Белый для комнаты,

445620	447480	а зеленый для угла или койки.

447740	449100	Уожжи уже в советском союзе,

449300	451240	с просто надачой квартиру тоже был высокий,

451580	453900	но сдавать в рендов уже было нельзя.

454660	458300	Поэтому те, кто в командировках и туристы, селились в гостиницах,

458840	462040	а если хочешь квартиру или дом дает не в отпуске приезжай зимой,

462260	463920	оставляя залог на свой страх риск.

464220	470020	Все эти нерепые проблемы остались в прошлом и для этого выпуска мы сняли вот такой прекрасный эксклюзивный дом.

470180	471220	Для того, чтобы показать вам,

471820	473960	что на яндекс путешествий можно сеть что угодно.

474280	474540	Ателя,

474720	477620	а портаменты или такие необычные дома.

477880	481280	Вот собрались вынавох одной и всталицу закатов нижний Новгород.

481740	483440	Можете поселиться в чесень комателе?

483920	487180	Или выборьте апартамента на набережные и жить почти как местные?

487560	488920	А если хотите как в старину,

489180	491340	вам доступен целый кубпеческий клуб.

491660	495840	Для выбора оптимального рента всегда можно воспользоваться рейтингом и фильтрами.

496060	499980	А платить вы все это можете любое российское карты без уловок и хитрых с тем,

500220	502320	а заодно получить кижбок не только от банка,

502520	504120	но еще и от яндекс путешествий.

504360	507140	Они возвращают до 20% баллоны плюса.

507460	508120	Это в охвозе,

508420	511180	чтобы вызвать таксишку до рапорта и обратно.

511520	514320	Это как если бы выступить на затк стяли бы квартиру,

514640	516940	а кожба к им получили бы еще и из вовщика.

517380	522960	Переходите в посылке в описании и снимайте отели и опартаменты на любой вкус на яндекс путешествий.

523800	525560	А газеты прикольно горят.

533720	535440	И оп, и я слышали,

537260	537880	про задачу,

538440	539040	Кмива Яжура.

540300	542280	Это бродящий торговец на деком западе,

542440	544260	который разжает по городам,

544420	546600	продает тоник для ростоволов звены масла,

546720	549180	а от любой болезни и диксир, конечно же, молодости.

549960	550940	И другие поездные штуки.

551640	551740	Которые,

554200	554960	конечно же, не работает.

555860	557960	И если обман расхроется торговца,

559140	559420	по-весит.

559920	561320	Поэтому задачу Кмива Яжура,

561500	563680	конечно же, как можно быстрее объехать все города,

563940	565620	не посещая ни один из них дважды.

566200	568620	Звучит дисложно и решить можно просто им перебором.

568980	569360	Тем более,

569500	572300	что для 4 городов вариантов дороги всего 3,

572780	573120	а для 5,

573460	573820	12.

574540	575440	Но давайте посмотрим,

575780	576740	что же там будет дальше.

577220	579680	Для 6 городов вариантов дороги уже 60,

580120	581380	для 70, 360,

582140	583240	а для 8 городов,

583820	585440	2,5 тысячи.

585640	585980	Уже,

585980	588400	для 6,6 городов вариантов будет больше,

588420	589600	чем чистить свой вселенный.

590660	591700	Да, я понимаю,

592060	593440	очень сложно, вы-то поверить, конечно,

594180	595100	но сами посчитаете.

595360	596080	Но есть животные,

596120	597980	которые решают задачу Кмива Яжура,

598220	598680	каждый день.

599100	600000	А тогда секто это?

601200	602100	Это муравишки.

608320	608980	По отдельности,

609520	611220	каждый из них без просветнут.

612120	613560	Но вся колония вместе,

614620	615480	что правильно,

615960	616640	рывои интеллект.

616860	618180	Но в отличие от слизи Вика,

618580	619800	умровав есть свой язык.

620400	620960	Да, без звуков,

621420	621860	без слов,

622180	622540	но язык.

622800	628300	И что самое удивительное для этого языка у нас даже есть разговорник. Да,

628640	630880	и нашел его человек муравий.

631780	634940	Так, в народе, прозвали ученого Эдварда Уилсона.

635400	636540	Он первый заметил,

636560	637940	что если муравий умирает,

638480	639360	то первый и два дня,

639480	640480	на него никто не обращает внимание.

641320	643440	И только когда он начинает разлагаться,

644100	647460	другие муравьи относит его на муравьи на эклубища.

647680	648340	Велсон понял,

648480	650600	муравьи не обращают на собрата внимание,

651160	653900	потому что у них нет внимания.

654680	655980	Муравьи почти слипы ее,

656280	657640	и ориентироваются по ферамоном,

658020	660240	так что они тупы не видят мёртого собрата.

660840	663240	Но только когда он начинает пованивать,

664200	665700	они запускают процедуру по хороу.

665960	667100	На нашем человеческом это,

667100	668580	как если бы вы выбрасывали муравьи,

668600	670140	то и когда он начинает пахнуть.

670760	673620	Но о муравьи на эпохраны запускает вот этот ферамон.

674160	675400	Алиновая кислота.

676100	678160	Пацвета похожа на пацоночные масла.

678860	679620	Позапуха тоже.

679880	682140	Смерть муравья пахнет как пацоночное масло.

683020	684740	Если капнуть на него кагельку,

684960	688160	он сам пойдет на кладбище и начнет себя закапывать.

688280	689720	А как только запах вы ветрируется,

689920	691320	зомби поднимается из могилы,

691520	694060	умывается и как ни в чем не бывало и идет обратно в муравильник.

694200	697400	Но вопросов как и почему он вернулся с того свет.

697620	697740	Да,

698200	698460	абсолютно.

699040	699180	Просто.

699920	701440	Но это не все, что выяснил вылышен.

702000	703560	С помощью других ферамонов мы,

703620	706500	например, можем задавать направление движения на секомах.

706960	711840	Вы можете нарисовать дорожку любой формы и они будут стараться держаться ее между двумя узчиками.

712260	714240	И двигаться как троя бус попровода.

714680	715620	Так как можно заставить,

715940	718940	зигзагами ходить по пунктирной линии или по дуги.

719140	722420	То есть мы можем буквально контролировать поведение колонии.

722600	722700	Да,

723180	724240	при помощи ферамонов, конечно,

725220	725860	много и не скажешь,

726240	727400	но муравью много и не надо.

728480	730820	Где еда и как туда дойти, вот и все.

731620	734170	Ты как заставить муравильный шесть задачку, комбайжура.

734560	735040	Ну, жнах,

735480	737380	бутылочка, простого, советского.

738620	739640	Сладкого сиропа.

739880	740760	Инструкция простая,

740880	744160	находим муравильник и капаем 10 капель сиропа в нужных местах.

744480	746820	Первый муравиль чует еду и идет последов.

746900	748360	Помичай всю дорогу ферамонами.

748560	751160	Позелся воня немножко обошел все капли и вернулся в муравильник.

751460	752740	Потом по его следу пошли другие.

753020	753500	Но что важно,

753640	756160	каждый следующий пытался, по ним, много где-то срезать путь,

756400	757720	делая дорогу чуть чуть короче.

757980	761040	Ну, а дальше в силу вступает универсальным муравильное правило.

761200	763160	И если ты чувствуешь муравильную дорожку,

763380	764980	думать здесь нечего, да и нечем.

765460	766040	Иди по ней.

766500	772860	Такая простая установка в голове каждого отдельного муравяя и круче с шестьеренки большого муравильного рейвого интеллекта.

773300	775020	Чем для ней ферамоновает ропа,

775260	776300	тем реже по ней ходит.

776700	778480	И тем быстрее она испаряется,

778720	779620	а чем она короче,

779920	783880	тем чаще муравий пополняет ее запахом и она начинает вонять на вес лес.

784360	788160	В результате остаются самые вонючи и самые короткие пути.

788520	789620	Это как удобные тропинки,

789660	790780	по которым ходят люди,

790940	792140	обновляя их своими ступними.

792580	795940	В то время как длинные и непопулярные дороги зарастают травой.

796400	799260	Подотожа для ревого интеллекта нужно всего два условия.

799380	801120	Первая это огромная количества участников,

801440	804220	второе это средство информации,

804440	807000	которым можно будет отмениться на пример ферамоны.

807460	807760	А кстати,

807820	809700	знаете сколько всего ферамонов у муравья?

810580	811640	2,

812280	812780	3,

813340	813620	1.

815480	815900	Окладывайте,

816340	817900	одни запускают поиски еды.

818180	819500	Другие муравильные поохрымые,

819880	820800	третье социальность.

821360	822320	Но есть среди них,

822440	825260	те, которые заставляют их собраться в мягкострух пуры.

825760	827260	Как как трансформер?

827840	828240	Короче,

828620	830300	видите сюда детей к экранам,

830620	832300	чтобы они такие штуру.

833080	835840	В этом ведрении Земля и не на воз.

836000	838020	Все это огромный комок муравьев.

838260	839220	Спасаясь от воды,

839580	841800	они степили слабками и пройтись вместе,

841960	843160	у похожая напустилин.

843500	844960	Из него можно слипить мячик,

845220	846420	можно сжимать как пружину,

846800	848260	а если попытаться разорвать комок,

848380	849580	он будет сопротивляться.

849780	852840	В природе муравьи таким образом спасаются от новодений.

853320	855400	Собираются в огромный живой плот и две недели

855760	858380	путешествуют пока их не отнесёт к безопасному берегу.

858520	860240	При этом муравии даже не задыхаются.

860460	862840	Ведь между ними всегда есть пузырьки воздуха.

863040	866400	Другая способность муравьи на воороевого интеллекта собраться в огромный мост,

866780	871240	чтобы толпой, например, забить, кого-нибудь большого типа осиная гнизду,

871460	872840	который покует опричение им мешает.

873320	873560	1,

873980	876220	1, в центре карта, конечно, муравьи проиграет осье.

877020	877120	Да.

877120	878340	Но вот колония муравьев,

878660	879640	заваят и тысячу.

880000	880200	Ось.

880460	881840	А когда вы узнаете следующий факт,

882080	884760	вы поймете, что колоний ее называют неспроста.

885320	886860	Когда европейцы покоряли Америку,

887320	890600	они не знали, чтобы пути домой везут собой новых пассажиров,

890980	892260	аргентинских муравьев.

892740	896620	Они почти не встретили конкуренции и расселились сначала в Европе,

896700	897720	а затем и по всему миру.

898180	900980	Если сегодня взять аргентинского муравья из Ипонии,

901280	902720	Испании и Новый Зеландии,

903060	904860	то они узнают друг друга по запаху,

905460	906160	и не будут воевать.

906420	906880	Всё потому,

907080	910040	что они одна мировая супер колония.

910320	913840	Эти букашки забивают числом даже муравьев в гораздо крупнее из себя,

914240	917180	а на растениях разводит тлю и мочниство червя,

917760	920160	чтобы питаться их сладенькими выделениями.

920540	925460	То есть этот витмуравьев занимается с катовостом и буквально перестраивает планету под себя.

926280	928980	Подробнее об этом мы рассказываем в нашем телеграмм канале,

929160	931280	там же ты найдешь и другие,

931520	936640	не вошедшие факты и сможешь их обсудить с друзьями с родителями с кем угодно соседями,

937140	937700	подписывайтесь.

938060	938360	Вот он,

938700	939460	пожалуйста, кюрркод,

940640	941880	это вот это удачи.

942240	944280	Подписаться сегодня на наш канал, наконец-то.

944880	945620	Жду вас там.

946020	946920	А это мой личный,

947300	947500	так и.

947760	949740	Тем более в связи с замедением YouTube,

950420	951760	уведомления о новых роликах,

951800	953260	легче будет получать оттуда,

953780	954200	подписывайтесь.

954480	954780	Итак,

955180	961700	простей алгоритмы уже сотни миллионов лет позволяет муравьям вжевать практически в любых условиях.

962340	965840	Вам интересно, что будет, если такая отложная система,

966980	967480	даст сбой,

967980	970460	последствия будут нахлен катастрофически.

971460	974000	Допустим, один муравей ошибся и сделал клюк.

974400	977140	Поэтому же следов пошел второй и тоже начал кружить.

977540	981820	На ферамоны след приходят другим уровью и так накопливается порочный круг из ошибок.

982300	983220	Это приводит к тому,

983220	986720	что тысячи осебесливаются в огромном мураве в его роти.

987160	988640	Пока не умирает от истощения.

989220	991800	Если верить записка в натуралистов Улье Мобба,

992400	994640	который за жизнь обошел весь земной шар.

994860	996880	В Гайане он увидел муравь в его роти,

996880	999080	диаметром в 3700 метров.

999600	1001120	Это больше, что дело на лужники.

1001240	1001800	Подведем и тонь.

1002160	1005660	Каждый из муравь ее фабсолютно не мовер на туп.

1006060	1007700	Но когда они собираются в раево-интеллект,

1007820	1010060	то тысячи муравь они могут решать задача,

1010240	1012700	на которой супер компьютеру человека нужен,

1013160	1014800	да не хватит даже всего времени на земле.

1015600	1019780	Но иногда этот раево-интеллект сбойет и тысячи муравьи шах,

1020280	1023100	становится жертвами великого алгоритма.

1024740	1027040	Вот так вот устроены для этого маленькая всему.

1027960	1031000	Но что, если мы сделаем сейчас из муравьев, интервертов,

1032220	1036440	следить за мыслию и оставим их в идеальном жилище,

1036620	1038360	которая не будет входить в общей свою жилище,

1038440	1039420	то чтобы будет настолько идеально,

1039540	1041400	что можно прожить хоть тысячу лет на этом жилище.

1042900	1043320	То получится,

1044200	1045800	что правильно термиты.

1049930	1054000	Вы наверняка думаете, что термит это просто крупные муравьи,

1054420	1055820	которые разумбрёвно.

1056400	1058980	Но на самом деле термиты рост в инеки Траканов.

1060180	1062440	И самое интересное, они творятся в всем не в брёвных.

1062960	1064080	В африканских и южно

1064740	1068800	-американских пустынных полях есть целые застройки вот такими термитниками.

1069300	1070120	Да это не пеньки,

1070120	1073980	они баскрёбы из писка дерева и слюны каждый высотой до 8 метров,

1074380	1075180	что в этом особенно вы.

1075800	1078560	А вы попробуйте построить себе в пусты и дома слюны и писка.

1079540	1081400	Нем солнце разогребает писок так,

1081420	1082880	что можно жарить иишинцу.

1083480	1085600	То есть буквально ставишь с коворотку и жаришь.

1085820	1087180	Через минуту будет готово,

1087580	1088780	а термитов, чтобы поджарится,

1089140	1089860	нужно и того меньше.

1090360	1091960	Покров у него настолько тонкий,

1092020	1093860	что через него видно внутриности.

1094260	1096460	То есть жара должна буквально высушивать термитов.

1097100	1098640	Но за счет рейового интеллекта,

1098680	1100280	они поняли, где в пустыне холоднее всего.

1101220	1102800	А сейчас поймете и вы.

1103580	1105080	Вот а вы с меметровый термитник,

1105340	1107880	как думаете, где у меня мы живут на секомы может тут,

1108840	1111240	тут или тут и неравномерно по всей площади.

1111820	1112640	Не один из вариантов,

1112800	1115280	они живут в огромной камере под термитником.

1116020	1119460	Это все равно, что всем обитателем, будешь холиво переселиться на парковку.

1120460	1123120	Тогда зачем нужно остальное часть?

1123940	1127680	Вы поймете, когда осознаете, что термитник от насамдели не небоскреб,

1128420	1130120	а охлаждающая башня, как у Тец.

1130480	1132360	Нем нагрятый воздух поднимается вверх,

1132480	1134920	в утягиве более прохладное из нежних помещений.

1135240	1136220	В то время как термиты,

1136440	1139360	скаролевые или чинками прохлаждаются в угловной камере.

1139940	1140680	А ночью процесс

1141200	1141860	поворачивается в спять,

1142220	1146640	что плывоздух снизу выталкивает прохладный наружу и термиты не замерзают.

1146940	1149640	То есть зимля под термитником работает как огромный поурбенк,

1149980	1151240	днем она запасает тепло,

1151540	1153280	на ночь, а ночью холодный.

1153740	1156300	И все это построено без планов и чертежей.

1156740	1158800	Просто тысячи теракашек следую зубу,

1159380	1161980	roya выполняют простые инструкции.

1162860	1163340	И все,

1164040	1169540	какие именно иногда, чтобы понять, как что-то устроено, нужно сломать это.

1170140	1172140	И вы все правильно полеученные сломаль термитника.

1172820	1175820	В спустя пары минут на место происшествия сбегается толпана сикомых.

1176420	1181380	Первый термит кладет маленький комок земли в основании разрушенной стены и помечает ферамоном,

1181880	1186240	а остальные термиты начинают класть своей комочке рядом с ней мое рентирус как распаятому ферамону.

1186500	1189480	Только так, чтобы случайно не заморовать самого себя.

1189720	1190100	Потом,

1190100	1192860	когда гора землиновально термиты,

1193000	1193820	руют в ней норы.

1194340	1195900	Они делают это буквально на бум.

1196800	1198160	Но чтобы все работало,

1198400	1199800	у них тоже есть два правила.

1200360	1202680	Первая, когда я дешево тунали, помечай его ферамоном,

1203500	1205480	а если в тоннадежарка или наоборот холодно,

1205900	1207420	не ходи и не помечай.

1208020	1211540	Так, у самых удачных тонелей ферамоны след будет самым сильным.

1212240	1213060	И второй правило,

1213380	1214380	если потом налива общения,

1214520	1216380	никто не ходит и ферамоном там не пахнет.

1216940	1217780	Значит, он плохой,

1218180	1218760	не надежный.

1219040	1221080	Его надо застроить и прорыть новый.

1221300	1221460	То есть,

1221480	1223260	понимаете, доходы, руются, но угад,

1223920	1225940	но остаются только те, которые всем нравятся.

1226620	1227580	Так, методом пропа

1228340	1230360	ошибок строится идеальный термитник.

1231080	1233500	Но каждый раз, когда коршен, например, отклеивал вверху шкутермитника,

1234380	1237360	учен на его отпинали или вода затопила термитник.

1237820	1239020	Он восстанавливается.

1239360	1241200	Но каждый раз он делает это чуть выше.

1241480	1241640	То есть,

1241940	1244200	он чуть не растает и становится все выше и выше.

1244540	1246000	Именно по этому термитникам,

1246120	1248480	который постоянно перестраивается с большим,

1248600	1249860	негод и не два.

1250380	1251480	Они несколько сотен лет.

1252060	1253920	Может, поэтому, сограда файмилия в Борсилоне,

1254220	1255300	который по форме напоминает термитник,

1255640	1257400	не могут построить уже почти 150 лет.

1257960	1260300	А, когда мы сейчас только этим рекорсменным из юар лет?

1261180	1262160	Да, этим плоским халмом.

1262980	1263480	Треси чолет.

1264000	1264520	Треси чолет.

1264520	1264620	Треси чолет.

1265340	1268680	Берите больше 34 тысяч лет.

1269060	1269160	То есть,

1269460	1272030	они старшие всей человеческой цивилизации.

1272300	1276800	За это время у нас зародилась культура на скальная живой пись и архитектура.

1277240	1284380	А термиты все 34 тысяч лет тусульца в этих холмиков и не собирается никуда уходить.

1284660	1286700	Потому что что правильно работает не трош.

1287060	1288380	Хотя я в нашем человеческом мире,

1288420	1289820	кстати, есть такая конструкция.

1290840	1293440	И работает она, по тем же, принципам, что термитника.

1293920	1295980	Это ветра уловитель и ботгир,

1296400	1299320	который из-за прилив в древней персе еще несколько тысяч лет назад.

1299660	1306340	Это вертикальная башня буквально ловит ветер и помогает ему вытягивать холодные ночные воздуха из-подвала или резерву аросвадой.

1307000	1308120	Вот, а время горячий воздух,

1308580	1311220	доходит из верхушки ботгиры прямо как в термитнике.

1311560	1314740	В результате, в доме, на 10 градусов в холоднее,

1314960	1315600	ну, локс, только хорошо.

1316020	1317860	Древние персы пришли к этому.

1317960	1319360	Медан персисского тека.

1319760	1321240	Но 30 лет назад мы, к чему,

1321920	1324600	к праве, на спею термитов и хидеи.

1325340	1326100	Ну,

1326580	1326820	да,

1327820	1329460	кинуть туда не много современных тихо.

1330040	1331740	А конкретно, 2 вентилятора.

1331960	1337300	Ты 61 году архитектор Майк Пирс построил бизнес-центр самый крупный зимвабы.

1337540	1340100	Майк спректировал офис из бетонных блоков,

1340220	1341360	который ночью запасали холод,

1341580	1344420	отъем тепло, чтобы это происходило быстрее в основании здания,

1344520	1346220	напостаяло пару слабых вентиляторов,

1346500	1348080	которые из-за осоволевосдух внутрь.

1348300	1350820	И окна Майк тоже сделал какую термитов маленькими,

1351000	1352660	чтобы не терять драгоценный ветерок.

1352960	1354400	Но можем ли мы пойти ещё дальше?

1355060	1358160	Да, да, можем, конечно, может быть, место, чтобы строить как термиты.

1358840	1361360	Мы заставим самих термитов для нас строить.

1362000	1362380	А как он?

1362840	1364960	Американский стартап-тармесс так и сделал,

1365520	1365660	да,

1366060	1367660	роботы не очень похожи на на секомах,

1367700	1369080	но посмысло один в один.

1369640	1370780	Вы как термитой инсатор?

1371040	1372120	Кладёте первый блок,

1372280	1374660	а все, что остаются роботом, это класс своей блоки рядом.

1374920	1375760	Вот и вся инструкция,

1376040	1379020	но ее хватает, чтобы строить маленький небоскребы,

1379420	1381140	вы скажете, даже проще построить самому.

1381500	1385280	Если бы с окону возьми к раантом или там не знаю, бетона насос.

1385740	1390200	Все так, да, ну попробуйте доставить бетона насос на морсь.

1390640	1391900	А вот роботов запросто,

1392320	1396320	из местного песка, роботы сделают себе блоки и как на 3D принтери,

1396340	1397760	напечатают здания по слоям.

1397960	1400700	А если нужно, они сальются в одного большого робота,

1400760	1402480	чтобы, например, то оскать большие блоки,

1402760	1407060	или из песка, делать подобие бетона из-заливатим фундамент.

1407400	1410640	Так что получается термитный интеллект самый совершеный.

1411680	1412260	Ну как сказать,

1414520	1415740	термиты отлично и строители,

1416200	1419440	но большую часть времени они просто валяются под конецанером,

1420600	1421920	которые сами же и построили.

1422180	1423880	В этом смысле они напоминают копебор.

1424120	1425800	Или как тайцев,

1426300	1427520	спящий на снегу.

1428000	1428340	Но что,

1428840	1430380	если строить раевой интеллект,

1430720	1434100	и существо, которые не просто выполняют команды,

1434300	1437040	но еще и активно адаптироваться к миру обучают друг друга.

1437520	1440860	То есть раньше мы строили интеллект буквально и ступиться,

1441440	1442840	а сейчас будем из умников,

1443160	1443760	а как у мыде.

1443880	1445420	Такой раевой интеллект уже есть,

1445880	1448140	а нём знал еще пещерный человек.

1448480	1449220	И не просто знал.

1449780	1451300	Но еще и активно и него эксплуатировал.

1452000	1454960	Это его на сканемую рисунку около 8 тысяч лет.

1455680	1460140	Здесь хомасапен, с корзинкой, коробка и цена дерева попытка задавать некий сладкий серол.

1460560	1462220	А вокруг не волитает роль существ,

1462400	1463620	который этот сероп произвели.

1464120	1465000	И конечно же вы догадались.

1465920	1468040	Сиропа тамет, а раевой интеллект это пчелы.

1473790	1479160	Одно на секу мы за всю жизнь произведет не больше вот такой ложки меда.

1479500	1481360	Но что получить вот такой банку?

1481860	1482380	Тысячи пчел,

1482820	1486680	параллители больше 50 тысяч квитров собрать нектор с миллиона цветов,

1486740	1489080	переварили внутри своего зоба и отрегнули в соты.

1489960	1493900	Вот, насколько это заморочный процесс ради вот такой банчки.

1494740	1495940	Челы такие же социальные,

1496100	1497260	как муравии или термиты,

1497480	1499840	но у них есть раз этой зрения крыд для полета.

1500380	1502880	Так что живут они не в плоской мире пекмана.

1503440	1503540	Авториде,

1504280	1506740	в добавок пчелы и видят в ультрифе олятие,

1506800	1510400	поэтому цветки для них буквально это посадочные полы, которые так окричат,

1510880	1512120	садись сюда обратиться здесь.

1512620	1515000	Мы решения это проверить, взяли несколько букетов,

1515460	1516940	ультрифе олятерифаналь и камеру,

1517260	1518540	который видит в ультрифе олятие.

1518640	1519640	Итак, давайте посмотрим,

1520260	1522340	как эти букеты видят в челы,

1522680	1525520	в пацеллных охране замочет яркую свечащуюся пельцу.

1525900	1528280	На ирисах увидит пылоса от рисунок на лепестках,

1528460	1531280	но лучше всего их зрения и предают профессиональные свемка.

1531420	1531720	Видно,

1531780	1533240	что некоторые цветы для пчеллы,

1533260	1535080	от целые свечащиеся галактики.

1535140	1536220	Запомните этот факт,

1536380	1537700	а лучше заскриньте его,

1537840	1540440	чтобы пересказать его близким и показать, когда будете дарить

1540840	1543400	цветы, но а здаставкой заказать их можно.

1543880	1544740	На флалуал.

1544920	1545980	Также, как идики пчел,

1546320	1547700	обретаются и по всему миру,

1547840	1549480	кроме крайнейой северо и сахары.

1549560	1553580	Так и флалуал доставляют цветы и подарки во всех климатических зонах.

1553700	1556200	Доставить букет знаком к ритт инвесторов Dubai,

1556360	1557760	ваши девушки в табилисе,

1557940	1559540	по-друге в солнечную бурсилону,

1559680	1562020	но и конечно, любимые бабушки в Яриван.

1562220	1564200	А если у кого-то оляргии на цветы,

1564400	1566280	закажите на флалуал подарки.

1566540	1566840	Так,

1566840	1570000	катье недавно отправила воздушные шависовые подруги в Лондон.

1570690	1574800	Так что нет смысла физически лететь к дорогому человеку,

1575000	1576960	чтобы вручить ему подарки и цветы.

1577140	1578780	Лучше закажи их на флалу,

1578820	1580720	это проще, чем бегать в полю за букетом,

1580940	1583480	а с промокодом 15 топлив до конца осени,

1583640	1586640	это будет ещё и на 15% дешевле.

1586940	1588180	Вы, по ссылке в описании,

1588520	1592100	а мы расскажем про главную фишку Пчал их интеллект.

1592880	1596860	Это к юркот, и это значит, что вы в одном клике от того, чтобы получить благодарность,

1597560	1598720	или может быть даже чего-то больше.

1599120	1599220	Итак,

1600760	1602700	мы точно знаем, что пчелому, гутучиться.

1603060	1603380	Круто.

1603940	1607120	Нас уже не удивляет шампан засык фотографической памятью,

1607320	1610760	а сменоги, которые выбираются из лабериинтов или умные ворны,

1610920	1611940	которые играют в крестике,

1611980	1614760	но лики, получше людей, почему, потому что выигрывают.

1615000	1615500	Но пчелы,

1615800	1617220	это тупо без позвоночны.

1617840	1619380	Что не помешало научить их играть,

1619840	1620220	футбол.

1620800	1623680	Но не буквально, скорее к отич шарик в центральную область,

1623940	1625100	чтобы получить Никтор.

1625420	1628220	С помощью пластиковые пчелы на палочки ученые показали им,

1628240	1630600	что эффективнее пластико, и задам наперед, как жук на возник.

1630760	1633700	То есть пчелы могут учиться не только другу друга,

1634740	1637180	но и у человека зимыскированного, под почему.

1637700	1639320	Да, зачем им такие способности?

1640120	1641200	Ну, чтобы жить

1641780	1642400	с ложным общественным.

1643080	1645220	В челинном со сайте есть рабочие,

1645380	1646940	которые собирают стветков Никтор.

1647800	1649380	А есть развеечеки, которые ищут,

1649720	1652360	где находится поля с сведочным Никтором.

1653360	1655780	А значит, развеечеки должны объяснять рабочим,

1656020	1656740	куда нужно лететь?

1657060	1657200	Тоже,

1657400	1657680	не знаю.

1658020	1661500	Для этого они буквально печат свою идею на пчелинном собрании.

1661620	1662680	Причем делать это так же,

1662880	1664520	как вы, когда играете в крокодил,

1664920	1666000	жистами и танцами.

1666640	1668900	Танцер – это и есть язык ревового интеллекта.

1669540	1671960	Понимать его сложнее, чем язык ферамонов,

1672320	1673500	да, зато его словарное запас,

1673820	1674400	куда больше.

1674820	1676080	То есть пчелы могут говорить,

1676800	1677540	куда больше слов,

1678020	1679600	чем мурави.

1680040	1681640	Сейчас, например, это стало показывать,

1682280	1684860	что чуть ли весь солнце примерно в километре отсюда,

1685160	1686820	она нашла офигенная поля.

1687260	1688120	Как я все это понял.

1688400	1690220	Вот это что мы давно расшифровали танцах,

1690840	1693640	и сейчас я вас научу понимать их танцы.

1693920	1696920	Если перед вами, пчела, делает вот так.

1700780	1705400	А теперь давайте подробности их на схеме.

1705620	1709720	Сначала, пчела, двигается по кругу, а потом проходят его на сквозь велияя брюшкам.

1710460	1712860	Потом круг в другую сторону, чтобы вышло восьмёрка.

1713520	1715080	И снова велиание в ту же сторону.

1715900	1718260	Этот тверк главный элемент пчелинного танца.

1718540	1722280	Его направление – это угол относительно самого яркого ориентира из

1722800	1723120	возможных солнца.

1725980	1729320	В нашем случае лететь надо на 10 градусов ливее солнца.

1729760	1730920	Но сколько именалететь?

1731440	1734360	Очень просто одна секунду тверка – это около километра полета.

1734980	1736780	И чем дольше, пчела повторять этот танец,

1737080	1738920	тем круче поля, которая она нашла.

1739320	1741560	Давайте теперь берем то с пчелиновым на русский.

1742240	1743740	Братанная встаем к солнцу,

1743960	1748080	вот так, чуть ли вея, чуть ли вея и через километра будет офигенная поля.

1748400	1750200	И вот когда четко это запасставля,

1750480	1752240	рабочий пчеллы будет на задание.

1752620	1754440	Но как теперь уже им понять,

1754800	1756380	сколько они пролетели?

1757240	1760120	Да. Прея чем мы это узнаем, поставьте лайк,

1760720	1764760	за удачную интерпретацию вообще таких вот достаточно сложных природных явлений.

1765120	1765940	Да, мы постарались

1766500	1767220	лайк с вас,

1767640	1769580	если это будет еще и комментарий просто.

1770300	1772320	И так как же понять пчеллым сколько они пролетели?

1772800	1773540	Примерно так же,

1773720	1775480	как если бы вы в поезде смотрели в окно,

1775660	1778180	и имели ли бы расстояния по миликающим мимо столбам.

1778580	1780280	Это называется оптическим потоком.

1780760	1782380	В челле имеют дистанцию, потому что

1812400	1814180	как как муравильные круги смерти.

1814620	1816260	И он также говорит нам,

1816280	1819480	что в ревом интеллекте есть четкий алгоритм да.

1819780	1820340	Он сбойит.

1821480	1822520	Но он есть и это главное.

1823260	1825500	А значит, мы люди тоже можем его использовать.

1826140	1826280	То есть,

1826640	1833020	впервые за 8 тысяч лет не просто тупо украсть продукт его результат его деятельность.

1833220	1833780	Прямь мёд.

1834880	1837160	А скопировать его алгоритм.

1837480	1837740	Наверное,

1837800	1839200	я увидел шелку от раковтеров.

1839920	1843280	Думаю, если показать его неконтактному племени, вроде там сентяется.

1843800	1845200	Можно легко сойти за их бога.

1845860	1847120	Просто делаем все нема,

1847180	1854560	четкий деда, фигурку, нужно уют для них скопьем и посылаем к оптира и льтить на доходствовом позарание прописанным тректорим.

1854720	1856900	Ну что, если у них откажет системы навигации?

1857860	1861620	Все эти сотни дронов просто изящно поврезаются в друг друга.

1861880	1862640	И крохну с назем.

1862900	1868360	Поэтому вместо того, чтобы следовать за скриптованные тректори и лучше льтить руем как в челле,

1868700	1872840	пусть они агрядываются друг на друга и привезируют и подстраиваются в подсосидии.

1873500	1875520	Так вместо тысяч программ для полета,

1875800	1877940	понадобится всего одна для поведения.

1878920	1880000	И она у нас уже есть.

1880300	1881580	Каждое точка это пчела,

1881880	1883180	которую вели всего три правила.

1883440	1883660	Первое,

1884120	1885100	не врезайся в других пчел.

1885660	1886040	Второе,

1886460	1888420	лититуда, куда изначально договорились.

1888660	1889240	Третья,

1889360	1890580	держись ближе к центру рое.

1891260	1892000	Поеть им же правило,

1892040	1895220	мустроеным ромурацией тысячи птиц или касяксордин,

1895380	1896840	которые вводят в ступор хищников.

1897180	1900460	Те просто не могут конситрыть с надной цели и растерявшись,

1900460	1901320	не понимают, что делать.

1901940	1902780	И точно так же,

1902840	1905400	стадолений при угрозе начинают бегать по кругу,

1905580	1907000	в центрах самых слабых,

1907060	1908340	самых идеченыши.

1908360	1908680	Для того,

1909120	1911580	чтобы даться центрова первых не смог добраться хищник,

1912020	1916520	но а по периферии хищник теряется и не может поймать одного оленив,

1916520	1918620	потому что их очень много они быстро проноются перед ним.

1918900	1920380	Всего три правила не врезайся,

1920940	1922620	две госеку до надо и держись центра.

1923200	1925200	Если перенести и в компьютерной симуляцию,

1925240	1928240	мы каждый раз будем получать уникальный полет и мы так уже делали.

1928800	1929400	Вы могли не знать,

1929700	1933560	но вот эти вот существа из первого халфлайф летали именно по таким правам.

1934060	1936800	Загружаем по хожу программу физически дроны,

1937240	1938480	и вот они уже летят стай,

1938920	1943280	сохраняют дистанцию, обретают препятствия и могут следовать за человеком.

1943800	1946840	Итак, слези вик строил маршруты железных дорог.

1947320	1954680	Муравьер решали задачи, на которой не способен суперкомпьютер об чёле выступают на собранах или тает сложным роем.

1955740	1958380	Так какое из этих райовых интеллектов самым мощным?

1959020	1959740	Спрашивайначе,

1960560	1962920	что больше всего влияет на его способности.

1963400	1964140	Давайте прождаем.

1964680	1968400	Чем меньше детали конструктора тем более сложный фигурую,

1968400	1968900	с него можно собрать?

1970020	1972000	Тем меньше транзисторы,

1972420	1974340	тем больше их можно напихать в чип.

1975540	1977500	Это же правило работает и в биологии,

1977600	1980760	самые совершенно риевой интеллект должен быть самым многочисленным,

1981180	1983420	и собираться из самых маленьких существ.

1983980	1985100	Присваторись к своим зубам.

1988240	1989720	Если на них есть пятнышки и найдет,

1990960	1992340	то поздравляю.

1992840	1995380	Один рейвой интеллект осознал свою численность в нем.

1996440	1998940	И начал захватывать ваш рот

1999520	2000820	и второформрать его по тебя.

2002080	2002780	Зубной налет.

2003180	2005100	Это так называемая биоплёнка.

2005360	2007420	Микорс копические существа осознали,

2007620	2009360	чтобы спокойно выделять кислоту,

2009660	2012840	растворять и майзуба и заязать внутрь в виде корреса.

2013340	2015260	Уже догадались, что это за рай его интеллект.

2015880	2016980	Правильно, это бактерий.

2023480	2025280	Тогда бактерий собираются толпой,

2025780	2027560	они буквально чувствуются на смынуга.

2028660	2030660	И самое время подключать его интеллект.

2031280	2033320	Это так она называется чувство к ворума.

2034180	2036480	К ворума это минимальная число членов собрания,

2036500	2039180	который необходимо, чтобы принять какую-то важное решение.

2039200	2039300	Например,

2039660	2041400	оно есть в парламенте чувство корм.

2042040	2044040	Вашим дочным ты сажа есть корм

2044960	2046260	и оно же есть еще и у бактерии.

2047000	2048240	Это вибрёв фишере.

2048640	2051060	Когда я их собираются 100 миллиардов на миллилитр,

2051600	2054520	они чувствуют друг друга и вся колония начинают свечиться.

2055560	2056960	Этим пользуется Гавайский Кольмар,

2057180	2060080	который специально разводят этих бактерий по всему своей мутело.

2060320	2060720	Зачем,

2060820	2063680	чтобы свечиться изнутри и не отбрасывать тейн на рыб?

2064120	2065720	Они будут думать, что на дниме

2066240	2066820	сведится звезды.

2067400	2068440	Ромда того момента.

2068860	2070800	Как это звездное скопление их не сожидает.

2070980	2073460	Кольмар даже может настраивать яркость бактерий,

2073700	2075200	давай и моразное количество еды.

2075840	2077780	Как в приче, про двух валков помните,

2077840	2079100	кого покормить что-то сильнее,

2079460	2081040	только тут сильнее становится бактерий.

2081720	2082440	Для них,

2082840	2085020	как для других существ,

2085200	2086640	еда это главный стимул.

2087320	2088720	Дайте немного времени.

2089560	2092900	Или так, дайте им достаточно, конечно, времени не сожут кого угодно и что угодно.

2093460	2098760	Эти миксы бактерии, во время охоты, степляются в ласками начинают нападать с духовными волными.

2099520	2103300	Такую бёплёнку учёну называют волчей стая и не просто так.

2103640	2103940	Смотрите,

2104080	2106800	как она разрывает в клочу колонию кишечной палочки.

2107340	2110460	Ах, допиши заканчивается и идти больше некуда.

2110920	2113900	Бактерия хитра отращивают маленькие гребочки со спорами,

2114660	2117860	которые разлетятся дальше и порадят новых бактерий.

2118160	2119860	А такую толпой, как муравье,

2120920	2122900	сэвет потомство как сезевики,

2123460	2125900	и торфермируют среду к ктермитнике,

2125960	2128060	но главная преимущества бактерий в том,

2128520	2129200	что их дофига.

2130120	2131340	Прямо сейчас встанете на весы.

2132120	2133740	И, а не или вспомните,

2134020	2135080	когда его последний раз взвешивайся,

2135180	2135560	я не имею тебя,

2135560	2136860	то вообще массы два три килограмма.

2137280	2138360	Его два три килограмма,

2138520	2139680	это есть бактерии, внутри вас,

2140520	2141500	а сейчас осознать,

2141860	2143280	насколько их много.

2143800	2144660	Мне осознали, окей,

2145240	2147340	их больше, чем клеток в вашем организме.

2147920	2148020	Хотя,

2148840	2149740	смотри, как посмотреть,

2150380	2150560	если ну,

2151120	2152300	сходить так, хорошо в туалет,

2152740	2153180	их становится меньше,

2154100	2155120	чем в ваших клеток.

2155740	2158700	Да, потому что больше часть бактерии оседает в кишечнике, в прямой кишке.

2159260	2162040	Без них вы не могли бы переваривать, например,

2162400	2162920	овощи

2163800	2164380	или молочку.

2165140	2166200	Но весь вопрос в том,

2166640	2167660	что они требуют в замен,

2168380	2171440	чтобы понять это ученые взяли эти две группы мух.

2171800	2174340	Одних на секомах кармели крахмалам,

2174420	2176440	чтобы в них располадились лакты бактерии,

2176760	2180020	а других сахарам, чтобы лакты бактерии наборот померли.

2180240	2181700	Когда на секомаха выпустили,

2182100	2184680	мухи из разных групп отказались разножаться.

2184920	2186700	И тупо раздетелися в две кучки,

2186980	2188260	сахарные и крахмально.

2188560	2192500	Но как только всех на кармели одинаково и микрофлора выровнилось,

2192840	2194720	мухи мигом спарились друг с другом.

2195080	2201040	Понимаете, что произошло бактерии в кишечнике управлялись самым важным в жизни муха разножением?

2201700	2204440	Они будут приказывали раз я в твоем кишечнике,

2204860	2208220	то еще и партнера с моим партнером в кишечнике.

2209020	2209140	Опа!

2210000	2211680	И тут возникает интересный вопрос.

2211900	2215120	В лиеет ли как-то бактерии в нашем кишечнике на нашу жизнь?

2215580	2216920	То есть,

2216920	2218000	как-то могут они наме управлять.

2218980	2219960	У нас есть гиподезы,

2220360	2221490	они довольно странные.

2222660	2225740	Одни бактерии могут, после того, повышать оекию,

2226480	2228060	другие приводить к депрессии.

2228900	2231780	А третьи влияют на способности к математике.

2232940	2236600	Если хотите, отдельные выпуски про микрофлора,

2236920	2239800	рульет наше движение в целом,

2240200	2241140	пишите в комментариях,

2241820	2245220	абсолютно после того, как хациентимой борду.

2245380	2247160	То ли я дне дне дне дне дне дне.

2247400	2247980	Помним, да?

2248420	2248600	Важно.

2248700	2249400	Сначала борода,

2249440	2252180	потом хотим ли мы не выпуск про кишечнике.

2252380	2255040	Я лично хочу и правда это моя слабость.

2255440	2257180	А мы подходим к самому интересному.

2257420	2258260	Прямо сейчас,

2258540	2260680	мы поймем не только то,

2261180	2263560	какой у бактерии рейвой интеллект,

2263940	2267340	но и как вообще рейвые интеллекты зараждаются в природе.

2268060	2271040	Это речерт ленске, и в его руках эксперимент,

2271180	2273440	который он начал 36 лет назад.

2273960	2275340	В холодильник рядом с ним,

2275520	2279100	то, во что не верит стороне кетиория заговора и божьего замусла.

2279720	2280140	Там,

2280440	2280840	и валюция,

2281340	2283900	который можно увидеть с собственными глазами.

2284540	2285980	Но начнем сначала.

2286980	2288080	1888 год.

2288500	2293840	Еще молодой речерт расшивает 12 бактерики шещных палочки в 12 разных колб.

2294720	2296280	Каждый день у кормят их глюкозы,

2296620	2298380	а не в ответ начинают бурно-растей.

2298880	2299820	А насколько бурно?

2300400	2302780	Вот вам на смене поколений нужно сколько?

2303420	2304240	Около до вот стилет.

2304680	2306200	Обактериям нужно около часа.

2306860	2309720	Каждый день их количество увеличивается в сотню раз.

2310180	2313400	Так что речерду приходится разбавлять бактерия,

2314060	2315700	а 1,5 почти как гомеопотом.

2316720	2319120	Чтобы тене умерли от переносиледия.

2319720	2325760	В результате, завремя эксперимента в колбах сменилось больше 74 тысяч по колени.

2326520	2329800	Через каждые 500 по колени он замораживал образцы,

2329880	2331500	чтобы сравнив этих с будущими потомками.

2332300	2333000	Трицы, 6 лет,

2333460	2336220	каждый день без выходных речерт кормил бактерий.

2336620	2338480	Расселял маленькую часть из них по колбам,

2338840	2341720	а остальные 11% уничтожал в этой печи.

2342280	2344320	Так продолжалось с день этой дня, пока внезапно,

2344700	2346640	одна из 12 куб не помутняла.

2346920	2348160	Сначала речерт подумал,

2348260	2349280	что это как бы в загрязнении.

2350040	2351360	Но когда понял в чем дело,

2351880	2353840	о нем заговорила все научное комьюнете.

2354460	2357640	Колб остало мутный, потому что бактерии в ней распладились настолько,

2357760	2359820	что они с трудом могли пропускать солнечниця.

2360850	2363940	Оказалось, что все годы они без остановки мутировали,

2364000	2365620	чтобы однажды сделать свою жизнь,

2366020	2366740	что дышку лучше.

2367560	2369220	И вот во время очередной мутации,

2369920	2372020	одна маленькая бактерия, после того, где тана,

2372620	2372980	поняла,

2373500	2376060	что цитратно отре, в котором все они плывают,

2376680	2377320	тоже можно есть.

2378020	2381100	Это все равно, что мы прийти в на Марс и вулиционируем настолько,

2381480	2383040	что сможем есть не только картошку,

2383560	2384600	но и марсионский грун,

2384720	2385860	в котором ее выращиваем.

2386480	2386900	Табактерия,

2387240	2390680	как муравей, который случайно нашел новую удачную тропинку.

2391440	2393800	Гновение спустя все остальные пошли по ней,

2394140	2397300	и это раскрел нам весь бактериальный алгоритм,

2397420	2398840	который работает в два шага.

2399280	2400840	Шаг первый раз нажаясь,

2400860	2402780	как можно быстрее, чтобы хотя бы один,

2403420	2406140	потомок из триллионов получил мутацию шаг второй нижайденчей.

2406620	2407720	Как только получил мутацию,

2408100	2410980	тут же передавайся, помущу гризантального переносы генов,

2411420	2412560	это мутацию всем вокруг.

2412800	2413740	Гризантального, значит,

2414080	2415600	внутри одного поколения.

2416040	2418460	То есть не потомком, обратим с сестерми.

2419680	2420080	Представьте,

2420480	2422020	что вам понравилось, мы сегодня с вид глаз,

2422380	2425520	вы жмёте мне, да трагивайте, даже другие, и вот у вас такой же глаз.

2425760	2427040	Вот так работает у бактерии.

2427560	2429020	То есть, как-то вот так.

2429220	2430880	Используя всего лишь эти два правила,

2431080	2434320	в 2014 году бактерии для черда пошли еще дальше.

2434660	2435180	Те из них,

2435540	2437040	что не научились есть сетрат,

2437480	2439700	стали есть продукты жизни, деятельности тех,

2440020	2440820	кто есть сетрат.

2441600	2444260	То есть, вместо конкуренции они выбрали колоборацию,

2444940	2448080	и в колбе зародилась уникальная экосистема,

2448080	2450220	где одни подъедают за другими.

2450420	2451420	Это есть и валюция.

2452360	2455160	Она научила бактерии зебираться в кальмарах, свититься,

2455940	2456720	дикторывать мухом,

2457060	2457720	с кем спарётся.

2458620	2463820	Нахадить новые источники пищи и даже создавать сложные сообщества в закрытых колбах.

2465020	2466980	Испермент речь речь речь речь до линский доказал,

2467060	2470100	что и валюция происходит не только под влиянием внешних событий.

2471420	2472680	Вроде бы, падение омитя Рита.

2473820	2475320	И валюция идет всегда.

2476280	2479880	И прямо сейчас, похоже, эксперимент происходит уже в мировом масштабе.

2481060	2484800	В океане плавает огромное количество колп с собственной и валюцией внутри.

2485440	2487500	Это подбутылки и разные другой пластик.

2488080	2489980	На нем развивается особые биоплёнки,

2490000	2491860	которые так называются пластесферы.

2492460	2496900	Это уникальный экосистем, где вся пищевается почка перестралась под жизнь пластики.

2497580	2499740	Обактерий научились и есть сам пластик.

2500420	2504300	Они вырабатали фирменты, которые буквально разрывают его полимерные цепочки.

2504960	2508600	В итоге для каждого популярного вида пластика уже нашла из бактерия,

2508740	2509780	которые его разлагают.

2510080	2511080	Возможно также,

2511380	2512620	как 8 тысяч лет назад,

2513120	2514240	мы забирали обчёл мет,

2514480	2516060	мы научимся забирать у бактерии

2516620	2517520	их противопластиковые.

2518020	2523180	И валюция этой есть самый большой и мощный раевую интеллект на планете.

2524080	2528100	Именно благодаря ему омёбы могут приночаться в слизивика.

2529620	2530760	Муровим могу строить масты,

2530880	2532620	а в чёлое обучают друг друга на языке танцев.

2534100	2538740	А горит мэтого раевого интеллекта помогает развиваться всему же в обуму на планете.

2539900	2540400	А может быть,

2541520	2542860	из-за ее пределами тоже.

2543840	2546220	В Танисловлем в романе не победим и рассказывает,

2546440	2547340	как на планете Раги С3,

2547860	2550260	происходило и валюция до вно-забытых там роботов.

2551240	2553760	Первое, образовывали огромные витвисты из труктуры.

2554520	2556340	Похоже на подземной небоскребы.

2556960	2559240	В тарые уменьшили сестали похоже на растения.

2559840	2564640	На конец третьей решили брать числом и пройти из письчисленный рой из робомуха.

2565140	2566800	Именно он и стал непобедимым.

2567360	2571820	Робомушки выводили из строя с самым мощную технику с защиты из силовых полей,

2571920	2574840	прямо как муравья, который толпой прогрозает птичей и цо.

2575060	2576220	В результате люди поединят,

2576600	2577680	что Роем не враг.

2578500	2581220	В процессе эволюции он стал частью природных сил планеты,

2581660	2583460	а со стихи бороться без смысла.

2584320	2585460	Просто нужно признать,

2585760	2588560	что не все в этой мире создана для нас.

2589800	2591300	Но мы с вами теперь понимаем,

2591780	2595000	что часто выглядит не быть небольшим окроходным,

2596000	2597140	не сложным,

2597560	2598140	а многочисленным.

2599360	2602760	Возможно мы сами являемся частью рывого интеллекта.

2603260	2605320	Наши общества, потому что ведет себя как организм,

2605900	2608300	который непохожно каждого отдельного человека,

2608420	2613060	но способен исследовать этот микромир из запускати ракеты в космос.

2614300	2615360	Поэтому подумайте об этом.

2617000	2619080	И не забывайте, ставить это видео лайк,

2619160	2621080	ведь мы перелопать или кучу материал,

2621160	2624220	отбросив все лишнее, оставив самое главное и интересное.

2626050	2628160	Напишите, изменился со ли у вас взгляд

2629500	2630520	на микромир вокруг вас,

2630740	2631720	не убивает ему ровьёв,

2632540	2633420	мою личное пожелание,

2634340	2635580	через лопу, не жигите

2636400	2637180	и

2637920	2638960	оцените мою бордов, но я дадести.

2639620	2641420	И как обычно прокачивте в своей мозге.

2642180	2642340	Пока!

2646170	2648300	Ребят можно еще с хорошими новостями.

2648720	2648840	Значит,

2648860	2651980	у нас есть дополнительное место в нашем экспедицию в интеракте.

2652200	2654420	Он выбил еще одно явто,

2654640	2655920	который поедет вместе с нами.

2656240	2657140	Одну в быстро заполни,

2657140	2660020	желающий хоть много, мы убили еще одно и там 7 место еще есть.

2660460	2660840	Пожалуйста,

2661480	2662400	по резьете неайтесь.

2662700	2666040	Это не только пропингвинев кетов и красивые виды антрактида,

2666060	2667520	это еще закрыт гештайт.

2668080	2672220	Во-первых, побывать на еще одном континенте можно на всех континтов по вас своей жизни.

2672380	2675140	И вот это прекрасно возможность и это как дойти доверяста.

2675360	2675940	Это вызов,

2676020	2678200	потому что до антрактида не просто добраться.

2679560	2681520	С нами получится еще и интересно.

2682120	2684740	Поэтому присоединяйтесь эти 7 место очень быстро,

2684760	2687480	могу закончиться и обязательно помните,

2687620	2688600	что там есть интернет.

2688880	2694620	То есть вы будете плать и у вас будет всегда антрадь можно работать и не отрывайся от работы,

2694740	2696420	как бы смотреть на пингбинов.

2697300	2699280	И пребираться, делай себя галочку.

2699940	2702640	До встречи на крови света! Всем подроби с посылкой в описании.

2702740	2703680	Даже если вы не хотите,

2703680	2704640	просто посмотрите это красиво!