Sentense,Tag
Здравствуйте.,1.0
"Да, это борода.",1.0
"Я уже спрашивал вас в моем телеграм-канале, вы сказали, окей, го, вот только так надо снимать.",1.0
"Хочу спросить у вас, зрители на ютубе, как вам моя борода?",1.0
"Прошу вас ее не ругать, она молода, она стесняется, ей очень неловко, ей очень неловко прямо сейчас.",1.0
"И как видите,",1.0
"у меня даже и триммера-то не было, потому что я не был готов к бороде.",0.0
"В общем, напишите, как моя борода, а я начинаю выпуск.",0.0
И у меня для вас вопрос.,0.0
Кто из вас был в Омске?,0.0
"Даже если вы не были там ни дня, вы легко запомните схему их метро.",0.0
"Вот она, библиотека имени Пушкина.",0.0
"Да, всего одна станция, и с нее никуда не уедешь, и до нее ниоткуда не доберешься.",0.0
"Зайти в нее по билетику не получится, ведь она законсервирована.",0.0
"В Москве такой проблемы нет, здесь открывается до 10 станций каждый год.",1.0
"Вот не поверите, но я, когда захожу в метро, до сих пор ориентируюсь вот по этой схеме из 2010-го, с одной кольцевой.",1.0
"Хотя на самом деле метро выглядит вот так, и это за 15 лет.",1.0
А вот так подземка должна выглядеть в 2100 году.,1.0
"Представьте, целый отдел инженеров сидит и сочиняет, куда бы им впихнуть очередную ветку.",1.0
"Им нужно учитывать плотность населения, нагрузку на транспорт и особенности ландшафта.",0.0
"Сложная логистическая задача, с которой справится даже плесень.",0.0
"Итак, вашему вниманию, Физарум многоглавый.",0.0
Слизивикой главная звезда научпопа последних 10 лет.,0.0
"Это не растение, не животное и даже не гриб.",0.0
"Он что-то вроде амебы, которая доказывает, что чтобы быть умным, не нужен мозг.",0.0
"У Слизивика его тупо нет, но он за сутки воспроизвел маршруты всех железных дорог вокруг Токио.",0.0
"Только вдумайтесь, как он это сделал?",0.0
Просто хотел есть.,0.0
Слизивик любит овсянку и не любит солнечный свет.,0.0
Эти два факта ученые использовали.,0.0
"Они взяли карту Токио, в местах станции городов разложили овсянку, а там, где горы и озера, через которые нельзя строить, светили Слизивику ярким светом.",0.0
Уже через несколько часов Слизивик начал тянуть к еде свои цитоплазменные тяжи.,0.0
Постепенно он заполнил все пространство и нашел еду.,0.0
Вместе с питательными веществами внутри него стала перетекать и информация.,0.0
"Совсем скоро из всех маршрутов остались только кратчайшие, а остальные буквально растворились.",0.0
Карта готова.,0.0
"Когда ее наложили на существующую сетку железных дорог в Токио, оказалось, что они почти полностью совпали.",0.0
"То есть то, что инженеры проектировали годами, Слизивик воспроизвел за сутки.",0.0
А как это возможно?,0.0
"Дело в том, что ТЗ у людей и АМЕБ были похожими.",0.0
"У инженеров задача проложить линии, затратив минимум материалов.",0.0
"У Слизивика добраться до еды, используя минимум своего тела.",0.0
"Это как ночью дойти до холодильника, не включая мозг.",0.0
Ведь у Слизивика мозга нет.,0.0
"Пока мы думаем, физарум действует.",0.0
"По такому же принципу он воспроизвел железные дороги в Британии, Испании, Португалии и куче других стран.",0.0
Его даже хотели использовать как археолога.,0.0
"Показывайте Слизивику карту Римской империи, а он предсказывает, как могла бы выглядеть дорога между городами.",0.0
"В этих местах вы устраиваете раскопки и находите ту самую дорогу, которую предсказал Слизивик.",0.0
"Хоть в лабиринте его заточите, он все равно найдет из него выход.",0.0
А не слишком ли много для одной АМЕБа переростка?,0.0
"А кто вам сказал, что она здесь одна?",0.0
Физарум неспроста называют многоглавым.,0.0
Когда-то эта лужица плесени состояла из миллионов отдельных особей.,0.0
"Эти белые точки тупые АМЕБы, которые бегают туда-сюда, пожирая субстрат.",0.0
"Но когда еда заканчивается и наступают тяжелые времена, они стекаются в единый организм Слизивика.",0.0
И вот он уже не так глуп.,0.0
Встроит маршруты и даже обладает подобием памяти.,0.0
"Думаете, Слизивик способен на интеллектуальные подвиги только ради еды?",0.0
"Ах вы шовинисты, вы его недооцениваете.",0.0
Он способен еще и ради разножения.,0.0
"Поэтому, когда он чувствует, что конец близок, он отращивает на теле капсулы с потомством, похожие на грибы.",0.0
"Внутри них единственные клетки, которые выживут.",0.0
"Они легкие, и ветер унесет их в другую часть леса, подальше от дерьмовых условий, в которых жил Слизивик.",0.0
"Теперь его дети, тупые АМЕБы, проживут лучшую жизнь, чем он сам.",0.0
А вот теперь самое время задаться вопросом.,0.0
Что вообще происходит?,0.0
"Почему это видео называется РАЕВОЙ ИНТЕЛЛЕКТ, а вы, несколько минут, слушаете захватывающую историю про Слизивика?",0.0
"Все потому, что РАЕВЫМ ИНТЕЛЛЕКТОМ называют его поведение.",0.0
"И для РАЕВОГО ИНТЕЛЛЕКТА не нужен какой-либо мозг или какой-нибудь один, единый центр принятия решения.",0.0
Не нужен.,0.0
Десятки тупых АМЕБ сливаются в умного Слизивика.,0.0
Тысячи муравьев строят мосты и плоты из собственных тел. Термиты возводят целые города в пустынях.,0.0
Птицы летают в слаженный стай.,0.0
"А рыбы косяками вводят в ступор крупных хищников, чтобы те их не съели.",0.0
"Разные существа, как трансформеры, собираются вместе, чтобы выйти на качественно другой уровень жизни.",0.0
"Да, друзья, на нашей планете в разных условиях и в совершенно разном масштабе миллионы глупых организмов, собираясь вместе, обретают нечто напоминающее разум.",0.0
Разум РОЯ.,0.0
"Сейчас вы узнаете, для какой задачи не хватит всего времени на Земле.",0.0
"Как заставить муравья думать, что он умер, а потом вернулся с того света.",0.0
"Что происходит, когда алгоритмы сбоят у миллионов насекомых сразу.",0.0
"Как в пустыне построить дом, который будет охлаждать еще сам себя.",0.0
Как перевести на русский язык пчел.,0.0
Что они там нам говорят и как объясняют друг другу углы и расстояния.,0.0
Почему пчелам нельзя смотреть в зеркало.,0.0
Зачем кальмары во время охоты имитируют свет звезд.,0.0
Как бактерии в кишечнике выбирают хозяевам половых партнеров.,0.0
На что похож самый огромный в мире интеллект.,0.0
И как своими глазами увидеть эволюцию в бутылке.,0.0
Это будет очень интеллектуальный выпуск.,0.0
Садитесь поудобнее.,0.0
Где я?,1.0
И почему я так странно одет?,1.0
"Персидские ковры, интерьеры, суфли Сузуки.",1.0
"Задумывались вы когда-нибудь, как сложно было арендовать подобное жилье, допустим, 150 лет назад?",1.0
Для начала нужно было купить газету.,1.0
Вот шестикомнатная квартира с водопроводом повара Малакеем.,0.0
Выглядела она примерно вот так.,0.0
Но были варианты и попроще.,0.0
"Например, только комната.",0.0
Еще проще.,0.0
Тогда угол в комнате не хватает даже на угол.,0.0
Тогда для вас койка или даже половина койки.,0.0
Это минимальная единица жилья.,0.0
Не умеете читать?,0.0
Не страшно.,0.0
Большинство в то время тоже не умели читать.,0.0
Поэтому для них на окнах висели специальные листки.,0.0
"Синий для съема целой квартиры, белый для комнаты, а зеленый для угла или койки.",0.0
"Позже, уже в Советском Союзе, спрос на дачу и квартиру тоже был высокий.",0.0
Но сдавать все это в аренду уже было нельзя.,0.0
"Поэтому те, кто в командировках и туристы, селились в гостиницах.",0.0
"А если хочешь квартиру или дом для летнего отпуска, приезжай зимой, оставляя залог на свой страх и риск.",0.0
Все эти нелепые проблемы остались в прошлом.,0.0
И для этого выпуска мы сняли вот такой прекрасный эксклюзивный дом.,0.0
"Для того, чтобы показать вам, что на Яндекс.Путешествиях можно снять что угодно.",0.0
"Отели, апартаменты или такие необычные дома.",0.0
Вот собрались вы на выходные в столицу закатов Нижний Новгород.,0.0
Можете поселиться в чистеньком отеле или выбрать апартаменты на набережной и жить почти как местный.,0.0
"А если хотите как в старину, вам доступен целый купеческий клуб.",0.0
Для выбора оптимального варианта всегда можно воспользоваться рейтингом и фильтрами.,0.0
Оплатить вы все это можете любой российской картой без уловок и хитрых схем.,0.0
"А заодно получить кэшбэк не только от банка, но еще и от Яндекс.Путешествий.",0.0
Они возвращают до 20% баллами плюса.,0.0
"Этого хватит, чтобы вызвать таксишку до аэропорта и обратно.",0.0
"Это как если бы вы 150 лет назад сняли бы квартиру, а кэшбэком получили бы еще и извозчика.",0.0
Переходите по ссылке в описании и снимайте отели и апартаменты на любой вкус.,0.0
На Яндекс.Путешествиях.,0.0
А газеты прикольно горят.,0.0
"Йоп, ян.",0.0
Слышали про задачу камевой ежора?,1.0
"Да, это бродячий торговец на Диком Западе, который разъезжает по городам, продает тоник для роста волос, взмены масла от любой болезни и эликсир, конечно же, молодости.",1.0
Вот.,1.0
И другие полезные штуки.,1.0
Да.,1.0
"Которые, конечно же, не работают.",1.0
"И если обман раскроется, торговца повесит.",1.0
"Поэтому задача камевой ежора, конечно же, как можно быстрее объехать все города, не посещая ни один из них дважды.",1.0
Звучит несложно и решить можно простым перебором.,1.0
"Тем более, что для четырех городов вариантов дороги всего три,",1.0
а для пяти – двенадцать.,0.0
"Но давайте посмотрим, что же там будет дальше.",0.0
"Для шести городов вариантов дороги уже шестьдесят, для семи – триста шестьдесят, а для восьми городов – две с половиной тысячи.",0.0
"Уже для шестидесяти шести городов вариантов будет больше, чем частицы во Вселенной.",0.0
"Да, я понимаю, очень сложно в это поверить, конечно, но сами посчитайте.",0.0
"Но есть животные, которые решают задачу камевой ежоры каждый день.",0.0
"А вот догадайся, кто это?",0.0
Это муравьишки.,1.0
"По отдельности, каждый из них беспросветно тут.",1.0
Но вся колония вместе.,1.0
Что?,1.0
"Правильно, роевой интеллект.",1.0
"Но в отличие от слезовика, у муравьев есть свой язык.",1.0
"Да, без звуков, без слов, но язык.",0.0
"И что самое удивительное, для этого языка у нас даже есть разговорник.",0.0
Да.,0.0
И нашел его человек муравей.,0.0
Так в народе прозвали ученого Эдварда Уилсона.,0.0
"Он первый заметил, что если муравей умирает, то первые два дня на него никто не обращает внимания.",0.0
"И только когда он начинает разлагаться, другие муравьи относят его на муравьиное кладбище.",0.0
"Уилсон понял, муравьи не обращают на собрата внимания, потому что у них нет внимания.",0.0
"Муравьи почти слепые и ориентируются по феромонам, так что они тупо не видят мертвого собрата.",0.0
"Но только когда он начинает пованивать, они запускают процедуру похорон.",0.0
"На нашем человеческом это как если бы вы выбрасывали мусор только тогда, когда он начинает пахнуть.",0.0
Ну а муравьиные похороны запускает вот этот феромон.,0.0
Алиновая кислота.,0.0
По цвету похоже на подсолнечное масло.,0.0
По запаху тоже.,0.0
Чувствуется смерть муравья пахнет как подсолнечное масло.,0.0
"Если капнуть на него капельку, он сам пойдет на кладбище и начнет себя закапывать.",1.0
"А как только запах выветривается, зомби поднимается из могилы, умывается и как ни в чем не бывало, идет обратно в муравейник.",1.0
"Ноль вопросов, как и почему он вернулся с того света.",1.0
"Да, абсолютно.",1.0
Просто...,1.0
"Но это не все, что выяснил Уилсон.",1.0
"С помощью других феромонов мы, например, можем задавать направление движения насекомых.",1.0
"Вы можете нарисовать дорожку любой формы, и они будут стараться держаться ее между двумя усиками.",0.0
И двигаться как троллейбус по проводам.,0.0
"Так их можно заставить зигзагами ходить, по пунктирной линии или по дуге.",0.0
То есть мы можем буквально контролировать поведение колонии.,0.0
"Да, при помощи феромонов, конечно, многое не скажешь, но муравью многое не надо.",0.0
Где еда и как туда дойти.,0.0
Вот и все.,0.0
Так как заставить муравья решать задачку камевая жора?,0.0
Нужна бутылочка простого советского сладкого сиропа.,0.0
Инструкция простая.,0.0
Находим муравейник и капаем 10 капель сиропа в нужных местах.,0.0
"Первый муравей чует еду и идет по следу, помечая всю дорогу феромонами.",0.0
"Взял себя немножко, обошел все капли и вернулся в муравейник.",0.0
Потом по его следу пошли другие.,0.0
"Но что важно, каждый следующий пытался понемногу где-то срезать путь, делая дорогу чуть-чуть короче.",0.0
Ну а дальше в силу вступает универсальное муравьинное правило.,0.0
"Если ты чувствуешь муравьиную дорожку, думать здесь нечего, да и нечем.",0.0
Иди по ней.,1.0
Такая простая установка в голове каждого отдельного муравья и кручет шестеренки большого муравьинного рыевого интеллекта.,1.0
"Чем длиннее феромоновая тропа, тем реже по ней ходит, и тем быстрее она испаряется.",1.0
"А чем она короче, тем чаще муравьи пополняют ее запахом,",1.0
и она начинает вонять на весь лес.,0.0
В результате остаются самые вонючие и самые короткие пути.,0.0
"Это как удобные тропинки, по которым ходят люди, обновляя их своими ступнями.",0.0
В то время как длинные и непопулярные дороги зарастают травой.,0.0
Подытожим.,0.0
Для рыевого интеллекта нужно всего два условия.,0.0
"Первое, это огромное количество участников.",0.0
"Второе, это средства информации, которым можно будет обмениваться.",0.0
"Например, феромоны.",0.0
"А кстати, знаете, сколько всего феромонов у муравья?",0.0
"Два, три, тысяча.",0.0
Около двадцати.,0.0
"Одни запускают поиски еды, другие муравьины похороны, третья — социальность.",0.0
"Но есть среди них те, которые заставляют их собраться в мега структуры, как трансформеры.",0.0
"Короче, введите сюда детей к экранам, чтобы они такие, чтооооооо?",0.0
Фуууу.,0.0
"В этом ведре не земля и не навоз, все это огромный комок муравьев.",0.0
"Спасаясь от воды, они сцепились лапками и превратились в месиво, похожее на пластилин.",0.0
"Из него можно слепить мячик, можно сжимать как пружину, а если попытаться разорвать комок, он будет сопротивляться.",0.0
В природе муравьи таким образом спасаются от наводнений.,0.0
"Собираются в огромный живой плод и две недели путешествуют, пока их не отнесет к безопасному берегу.",0.0
"При этом муравьи даже не задыхаются, ведь между ними всегда есть пузырьки воздуха.",0.0
"Другая способность муравьиного роевого интеллекта — собраться в огромный мост, чтобы толпой, например, забить кого-нибудь большого, типа осиное гнездо, которое по какой-то причине им мешает.",0.0
"Один на один в центре карты, конечно, муравьи проиграют оси, да.",0.0
Но вот колония муравьев завалит и тысячу ос.,0.0
"А когда вы узнаете следующий факт, вы поймете, что колонии ее называют неспроста.",0.0
"Когда европейцы покоряли Америку, они не знали, что по пути домой везут с собой новых пассажиров — аргентинских муравьев.",0.0
"Они почти не встретили конкуренции и расселились сначала в Европе, а затем и по всему миру.",0.0
"Если сегодня взять аргентинского муравья из Японии, Испании и Новой Зеландии, то они узнают друг друга по запаху и не будут воевать.",0.0
Все потому что они — одна мировая суперколония.,0.0
"Эти букашки забивают числом даже муравьев гораздо крупнее себя, а на растениях разводят тлю и мучнистого червя, чтобы питаться их сладенькими выделениями.",0.0
То есть этот вид муравьев занимается скотоводством и буквально перестраивает планету под себя.,0.0
Подробнее об этом мы рассказываем в нашем телеграм-канале.,0.0
"Там же ты найдешь и другие невошедшие факты и сможешь их обсудить с друзьями, с родителями, с кем угодно, с соседями.",0.0
Подписывайтесь.,0.0
"Вот он, пожалуйста, QR-код.",0.0
Это вот это удача — подписаться сегодня на наш канал.,0.0
Наконец-то!,1.0
Жду вас там.,1.0
А это мой личный ТГ.,1.0
Тем более в связи с замедлением Ютуба уведомления о новых роликах легче будет получать оттуда.,1.0
Подписывайтесь.,1.0
"Итак, простые алгоритмы уже сотни миллионов лет позволяют муравьям выживать практически в любых условиях.",1.0
"Вам интересно, что будет, если такая отлаженная система даст сбой?",1.0
Последствия будут нахрен катастрофическими.,1.0
"Допустим, один муравей ошибся и сделал крюк.",0.0
По этому же следу пошел второй и тоже начал кружить.,0.0
"На феромоны и след приходят другие муравьи, и так накапливается порочный круг из ошибок.",0.0
"Это приводит к тому, что тысячи особей сливаются в огромном муравьевороте, пока они умирают от истощения.",0.0
"Если верить запискам натуралиста Уильяма Бибба, который за жизнь обошел весь земной шар, в Гайане он увидел муравьеворот диаметром в 370 метров.",0.0
Это больше стадиона Лужники.,0.0
Подведем итоги.,0.0
Каждый из муравьев абсолютно неимоверно туп.,0.0
"Но когда они собираются в роевой интеллект, например, тысячи муравьев, они могут решать задачи, на которые суперкомпьютеру-человеку нужен, да не хватит даже всего времени на Земле.",0.0
"Но иногда этот роевой интеллект забоит, и тысячи муравьишек",0.0
становятся жертвами великого алгоритма.,1.0
Вот так вот устроена эта маленькая вселенная.,1.0
"Но что если мы сделаем сейчас из муравьев интровертов, следить за мыслью, и оставим их в идеальном жилище, которое они не будут входить вообще из своего жилища, потому что оно будет настолько идеальным, что можно прожить хоть тысячу лет в этом жилище, то получится что?",1.0
"Правильно, термиты.",1.0
"Вы наверняка думаете, что термиты это просто такие крупные муравьи, которые грозут бревна.",1.0
Но на самом деле термиты родственники тараканов.,1.0
"И самое интересное, они творят совсем не в бревнах.",1.0
В африканских и южноамериканских пустынных полях есть целые застройки вот такими термитниками.,1.0
"Да, это не пеньки, а небоскребы из песка, дерева и слюны, каждой высотой до 8 метров.",1.0
Что в этом особенного?,1.0
А вы попробуйте построить себе в пустыне дом из слюны и песка.,1.0
"Днем солнце разогревает песок так, что можно жарить яичницу.",0.0
То есть буквально ставишь сковородку и жаришь.,0.0
Через минуту будет готово.,0.0
"А термиту, чтобы поджариться, нужно и того меньше.",0.0
"Покров у него настолько тонкий, что через него видно внутренности.",0.0
То есть жара должна буквально высушивать термитов.,0.0
"Но за счет роевого интеллекта они поняли, где в пустыне холоднее всего.",0.0
А сейчас поймете и вы.,0.0
Вот 8-метровый термитник.,0.0
"Как думаете, где в нем живут насекомые?",0.0
"Может, тут, тут, или тут?",0.0
Или равномерно по всей площади?,0.0
Ни один из вариантов.,0.0
Они живут в огромной камере под термитником.,0.0
"Это все равно, что всем обитателям Бурдж-Халифа переселиться на парковку.",0.0
Тогда зачем нужна остальная часть?,0.0
"Вы поймете, когда осознаете, что термитник — это на самом деле не небоскреб, а охлаждающая башня, как у ТЭЦ.",0.0
"Днем нагретый воздух поднимается вверх, вытягивая более прохладный из нижних помещений.",1.0
В то время как термиты с королевой и личинками прохлаждаются в главной камере.,1.0
А ночью процесс поворачивается вспять.,1.0
"Теплый воздух снизу выталкивает прохладный наружу, и термиты не замерзают.",1.0
То есть земля под термитником работает как огромный пауэрбэнк.,1.0
"Днем она запасает тепло на ночь, а ночью — холод на день.",1.0
И все это построено без планов и чертежей.,1.0
"Просто тысячи таракашек, следуя зову Роя,",1.0
"выполняют простые инструкции, и все.",0.0
Какие именно?,0.0
"Иногда, чтобы понять, как что-то устроено, нужно сломать это.",0.0
"И вы все правильно поняли, ученые сломали термитник.",0.0
Спустя пару минут на место происшествия сбегается толпа насекомых.,0.0
Первый термит кладет маленький комок земли в основание разрушенной стены и помечает феромоном.,0.0
"А остальные термиты начинают класть свои комочки рядом с ним, ориентируясь как раз по этому феромону.",0.0
"Только так, чтобы случайно не замуровать самого себя.",0.0
"Потом, когда гора земли навалена, термиты роют в ней норы.",0.0
Они делают это буквально наобум.,0.0
"Но чтобы все работало, у них тоже есть два правила.",0.0
Первое.,0.0
"Когда идешь по туннелю, помечай его феромоном.",0.0
"А если в туннеле жарко или, наоборот, холодно, не ходи и не помечай.",0.0
Так у самых удачных туннелей феромонный след будет самым сильным.,0.0
И второе правило.,0.0
"Если по туннелю вообще никто не ходит и феромоном там не пахнет, значит он плохой, ненадежный.",0.0
Его надо застроить и прорыть новый.,0.0
"То есть, понимаете, да, ходы роются наугад, но остаются только те, которые всем нравятся.",0.0
"Так, методом проб и ошибок, строится идеальный термитник.",0.0
"Но каждый раз, когда Коршун, например, отклевал верхушку термитника, ученые его отпинали или вода затопила термитник, он восстанавливается.",0.0
Но каждый раз он делает это чуть выше.,0.0
"То есть, он чуть нарастает и становится все выше и выше.",1.0
"Именно поэтому термитникам, которые постоянно перестраиваются, то есть большим, не год и не два, а несколько сотен лет.",1.0
"Может, поэтому Саграда Фамилия в Барселоне, который по форме напоминает термитник, не могут построить уже почти 150 лет.",1.0
"А как думаете, сколько этим рекордсменам из ЮАР лет?",1.0
"Да, этим плоским холмам.",1.0
Тысяча лет?,1.0
Две тысячи лет?,1.0
"Берите больше, 34 тысячи лет.",1.0
"То есть, они старше всей человеческой цивилизации.",1.0
"За это время у нас зародилась культура, наскальная живопись и архитектура.",1.0
А термиты все 34 тысячи лет тусуются в этих холмиках и не собираются никуда уходить.,1.0
"Потому что что правильно работает, не трожь.",1.0
"Хотя и в нашем человеческом мире, кстати, есть такая конструкция.",1.0
"Вот, и работает она по тем же принципам, что и термитник.",1.0
"Это ветроуловитель или бадгир, который изобрели в Древней Персии еще несколько тысяч лет назад.",1.0
Эта вертикальная башня буквально ловит ветер и помогает ему вытягивать холодный ночной воздух из подвала или резервуара с водой.,1.0
В это время горячий воздух выходит из верхушки бадгира прямо как в термитнике.,1.0
"В результате в доме на 10 градусов холоднее, плохо, что не хорошо, Древние Персии пришли к этому методом персидского тыка.",0.0
Но 30 лет назад мы уж прям откровенно спилили у термитов их идеи.,0.0
"Но, но докинули туда немного современных технологий.",0.0
А конкретно два вентилятора.,0.0
В 1991 году архитектор Майк Пирс построил бизнес-центр в самой крупной Зимвабве.,0.0
"Майк спроектировал офис из бетонных блоков, которые ночью запасали холод, а днем тепло.",0.0
"Чтобы это происходило быстрее, в основании здания он поставил пару слабых вентиляторов, которые и засасывали воздух внутрь.",0.0
"И окна Майк тоже сделал, как у термитов, маленькими, чтобы не терять драгоценный ветерок.",0.0
Но можем ли мы пойти еще дальше?,0.0
"Да, да, можем, конечно.",0.0
"Может быть, вместо того, чтобы строить как термиты, мы заставим самих термитов для нас строить, а?",0.0
Как вам?,0.0
Американский стартап Thermes так и сделал.,0.0
"Да, роботы не очень похожи на насекомых, но по смыслу один в один.",0.0
"Вы, как термит-инициатор, кладете первый блок, а все, что остается роботом, это класть свои блоки рядом.",0.0
"Вот и вся инструкция, но ее хватает, чтобы строить маленькие небоскребы.",0.0
"Вы скажете, даже проще построить самому.",0.0
"Если высоко, ну возьми кран там или там, не знаю, бетонный насос.",0.0
"Все так, да.",0.0
Ну попробуйте доставить бетонный насос на Марс.,0.0
А вот роботов запросто.,0.0
"Из местного песка роботы сделают себе блоки и, как на 3D принтере, напечатают здания по слоям.",0.0
"А если нужно, они сольются в одного большого робота, чтобы, например, таскать большие блоки или из песка делать подобие бетона и заливать им фундамент.",0.0
Так что получается?,0.0
Термитный интеллект самый совершенный.,0.0
"Ну, как сказать, термиты отличные строители, но большую часть времени они просто валяются под кондиционером, который сами же и построили.",0.0
"В этом смысле они напоминают Капибар или как тайцы, спящие на снегу.",0.0
"Но что если строить роевой интеллект из существ,",0.0
"которые не просто выполняют команды, но еще и активно адаптируются к миру и обучают друг друга?",1.0
"То есть раньше мы строили интеллект буквально из тупиц, а сейчас будем из умников.",1.0
А?,1.0
Как вам идея?,1.0
"Такой роевой интеллект уже есть, о нем знал еще пещерный человек.",1.0
"И не просто знал, но еще и активно его эксплуатировал.",1.0
Этому наскальному рисунку около 8000 лет.,1.0
Здесь Homo sapiens корзинкой карабкается на дерево в попытках добыть некий сладкий сироп.,1.0
"А вокруг него летает роль существ, которые этот сироп произвели.",1.0
"И, конечно же, вы догадались, сироп это мед, а роевой интеллект это пчелы.",1.0
Одно насекомое за всю жизнь произведет не больше вот такой ложки меда.,1.0
"Ну а чтобы получить вот такую банку, тысячи пчел пролетели больше 50 тысяч километров, собрали нектар с миллиона цветов, переварили внутри своего зоба и отрыгнули в соток.",1.0
Вот насколько это замороченный процесс ради вот такой баночки.,1.0
"Пчелы такие же социальные, как муравьи или термиты, но у них есть развитое зрение и крылья для полета.",0.0
"Так что живут они не в плоском мире Пэкмэна, а в 3D. Вдобавок пчелы видят в ультрафиолете, поэтому цветки для них буквально это посадочные полосы, которые так и кричат.",0.0
"Садись сюда, братец, садись.",0.0
Мы решили это проверить.,0.0
"Взяли несколько букетов, ультрафиолетовый фонарь и камеру, которую видят в ультрафиолете.",0.0
"Итак, давайте посмотрим, как эти букеты видят пчелы.",0.0
В подсолнухах они заметят яркую свечащуюся пыльцу.,0.0
"На ирисах увидят полосатый рисунок на лепестках, но лучше всего их зрение передает профессиональная съемка.",0.0
"Видно, что некоторые цветы для пчел это целые светящиеся галактики.",0.0
"Запомните этот факт, а лучше заскриньте его, чтобы пересказать его близким и показать, когда будете дарить цветы.",0.0
Но а с доставкой заказать их можно на Флауау.,0.0
"Так же, как и дикие пчелы облетают цветы по всему миру, кроме Крайнего Севера и Сахары, так и Флауау доставляют цветы и подарки во всех климатических зонах.",0.0
"Доставит букет знакомому криптоинвестору в Дубай, вашей девушке в Тбилиси, подруге в солнечную Барселону, ну и, конечно, любимой бабушке в Ереван.",0.0
"А если у кого-то аллергия на цветы, закажите на Флауау подарки.",0.0
"Так Катя недавно отправила воздушные шары своей подруге в Лондон, потому что у нее аллергия, и они дошли.",0.0
"Так что нет смысла физически лететь к дорогому человеку, чтобы вручить ему подарки и цветы.",0.0
"Лучше закажи их на Флауау, это проще, чем бегать в поле за букетом,",0.0
а с промокодом 15 топлес до конца осени.,1.0
Это будет еще и на 15% дешевле.,1.0
"Итак, мы точно знаем, что пчелы могут учиться.",1.0
Круто.,1.0
"Нас уже не удивляет шимпанзе с их фотографической памятью, осьминоги, которые выбираются из лабиринтов, или умные вороны, которые играют в крести-кинолике получше людей.",1.0
Почему?,1.0
Потому что выигрывают.,1.0
"Но пчелы это тупо беспозвоночные, что не помешало научить их играть в футбол.",1.0
"Но не буквально, а скорее катить шарик в центральную область, чтобы получить нектар.",1.0
"С помощью пластиковой пчелы на палочке ученые показали им, что эффективнее ползти задом наперед, как жук-навозник.",1.0
"То есть пчелы могут учиться не только друг у друга, но и у человека, замаскированного под пчелу.",0.0
"Да, зачем им такие способности?",0.0
"Ну, чтобы жить в сложном обществе.",0.0
"В пчелином сосайте есть рабочие, которые собирают с цветков нектар.",0.0
"А есть разведчики, которые ищут, где находятся поля с цветочным нектаром.",0.0
"А значит, разведчики должны объяснять рабочим, куда нужно лететь.",0.0
Потому что я не знаю.,0.0
Для этого они буквально питчат свою идею на пчелином собрании.,0.0
"Причем делают это так же, как вы, когда играете в крокодил.",0.0
Жестами и танцами.,0.0
Танцы — это и есть язык раевого интеллекта.,0.0
"Понимать его сложнее, чем язык феромонов, да.",0.0
Зато его словарный запас куда больше.,0.0
"То есть пчелы могут говорить куда больше слов, чем муравьи.",0.0
"Сейчас, например, эта пчела показывает, что чуть левее солнца, примерно в километре отсюда, она нашла офигенное поле.",0.0
Как я все это понял?,0.0
Потому что мы давно расшифровали танцы пчел.,0.0
И сейчас я вас научу понимать их танцы.,0.0
Если перед вами пчела делает вот так.,0.0
"Она говорит, туда ей нужно лететь.",0.0
А теперь давайте в подробностях на схеме.,0.0
"Сначала пчела двигается по кругу, а потом проходит его насквозь, виляя брюшком.",0.0
"Потом круг в другую сторону, чтобы вышла восьмерка.",0.0
И снова виляние в ту же сторону.,0.0
Этот тверк — главный элемент пчелиного танца.,0.0
Его направление — это угол относительно самого яркого ориентира из возможных — солнца.,0.0
"Вверх к солнцу, вниз от солнца.",0.0
В нашем случае лететь надо на 10 градусов левее солнца.,0.0
Но сколько именно лететь?,0.0
Очень просто.,0.0
Одна секунда тверка — это около километра полета.,0.0
"И чем дольше пчела повторяет этот танец, тем круче поле, которое она нашла.",0.0
Давайте теперь переведем это с пчелиного на русский.,0.0
"Братаны, встаем к солнцу.",0.0
"Вот так, чуть левее, чуть левее.",0.0
И через километр будет офигенное поле.,0.0
"И вот когда четкое ТЗ поставлено, рабочие пчелы вылетают на задание.",0.0
"Но как теперь уже им понять, сколько они пролетели?",0.0
"Да, прежде чем мы это узнаем, поставьте лайк за удачную интерпретацию, вообще-то, таких вот достаточно сложных природных явлений.",1.0
"Да, мы постарались.",1.0
"Лайк с вас, если это будет еще и комментарий.",1.0
Просто...,1.0
"Итак, как же понять пчелам, сколько они пролетели?",1.0
"Примерно так же, как если бы вы в поезде смотрели в окно и мерили бы расстояние по мелькающим мимо столбам.",1.0
Это называется оптическим потоком.,1.0
"Пчелы меряют дистанцию потому, как быстро проносятся разные объекты под ними.",1.0
"Поэтому, если заставить пчелу лететь над дорожкой с бегущими полосами, ей будет казаться, что она пролетела вдвое больше.",1.0
И трясти жопкой она будет вдвое дольше.,1.0
Но что если поставить под ней зеркало?,1.0
Тогда она будет видеть только отражение.,1.0
"И чтобы хоть что-то разглядеть, пчела будет спускаться все ниже и ниже, пока в итоге не врежется в зеркало.",1.0
"Это объясняет, почему в природе пчелы тонут, когда летят над стоячей водой.",1.0
"Потому что для них она все равно, что зеркало.",1.0
"Это такой же бак, как муравьиные круги смерти.",0.0
"И он также говорит нам, что в роевом интеллекте есть четкий алгоритм.",0.0
"Да, он сбоит, но он есть, и это главное.",0.0
"А значит, мы, люди, тоже можем его использовать.",0.0
"То есть впервые за 8000 лет не просто тупо украсть продукт его, результат его деятельности.",0.0
Прям мертв.,0.0
А скопировать его алгоритм.,0.0
Наверняка вы видели шоу квадрокоптеров.,0.0
"Думаю, если показать его неконтактному племени, вроде там сентинельцев, можно легко сойти за их бога.",0.0
"Просто делаем в Cinema 4D фигурку, нужную для них скопьем, и посылаем коптеры лететь над их островом по заранее прописанным траекториям.",0.0
Но что если у них откажет система навигации?,0.0
Все эти сотни дронов просто изящно поврезаются в друг друга и грохнутся на землю.,0.0
"Поэтому вместо того, чтобы следовать за скриптованной траекторией, им лучше лететь роем, как пчелы.",0.0
"Пусть они оглядываются друг на друга, импровизируют и подстраиваются под соседей.",0.0
Так вместо тысяч программ для полета понадобится всего одна для поведения.,0.0
И она у нас уже есть.,0.0
"Каждая точка это пчела, которой ввели всего три правила.",0.0
Первое.,0.0
Не врезайся в других пчел.,0.0
Второе.,0.0
"Лети туда, куда изначально договорились.",0.0
Третье.,0.0
Держись ближе к центру роя.,0.0
"По этим же правилам устроены мурмурации тысячи птиц или косяк сардин, которые вводят в ступор хищников.",0.0
"Те просто не могут концентрироваться на одной цели и, растерявшись, не понимают, что делать.",0.0
"И точно так же стадо оленей при угрозе начинает бегать по кругу, ставя в центр самых слабых, самых одетенышей.",0.0
"Для того, чтобы до центра, во-первых, не смог добраться хищник, но по периферии хищник теряется и не может поймать одного оленя.",0.0
"Потому что их очень много, и они быстро поносятся перед ним.",0.0
Всего три правила.,0.0
"Не врезайся, двигайся куда надо и держись в центре.",0.0
"Если перенести их в компьютерную симуляцию, мы каждый раз будем получать уникальный полет.",0.0
И мы так уже делали.,0.0
"Вы могли не знать, но вот эти вот существа из первого Half-Life летали именно по таким правилам.",0.0
"Загружаем похожую программу в физические дроны, и вот они уже летят в стаи, сохраняют дистанцию, облетают препятствия и могут следовать за человеком.",0.0
"Итак, Слизевик строил маршруты железных дорог.",0.0
"Муравьи решали задачи, на которые не способен суперкомпьютер, а пчелы выступают на собраниях и летают слаженным роем.",0.0
Так какой из этих роевых интеллектов самый мощный?,0.0
Спрошу иначе.,0.0
Что больше всего влияет на его способности?,0.0
Давайте порассуждаем.,0.0
"Чем меньше детали конструктора, тем более сложную фигуру из него можно собрать.",0.0
"Чем меньше транзисторы, тем больше их можно напихать в чип.",0.0
Это же правило работает и в биологии.,0.0
Самый совершенный роевой интеллект должен быть самым многочисленным и собираться из самых маленьких существ.,0.0
Присмотритесь к своим зубам.,1.0
"Если на них есть пятнышки и налет, то, поздравляю, один роевой интеллект осознал свою численность в нем и начал захватывать ваш рот и тараформировать его под себя.",1.0
Зубной налет — это так называемая биопленка.,1.0
"Микроскопические существа создали ее, чтобы спокойно выделять кислоту, растворять им масть зуба и заязать внутрь в виде кариса.",1.0
"Уже догадались, что это за роевой интеллект?",1.0
"Правильно, это бактерии.",1.0
"Когда бактерии собираются толпой, они буквально чувствуют, что нас много.",1.0
И самое время подключать роевой интеллект.,1.0
Это так и называется чувство кворума.,1.0
"Кворум — это минимальное число членов собрания, которое необходимо, чтобы принять какое-то там важное решение.",1.0
"Например, оно есть в парламенте, чувство кворума.",1.0
В вашем дачном ТСЖ есть кворум.,1.0
И оно же есть еще и у бактерий.,1.0
Это вибриофишери.,1.0
"Когда их собирается 100 миллиардов на миллилитр,",1.0
"они чувствуют друг друга, и вся колония начинает светиться.",0.0
"Этим пользуется гавайский кальмар, который специально разводит этих бактерий по всему своему телу.",0.0
Зачем?,0.0
Чтобы светиться изнутри и не отбрасывать тень на рыб.,0.0
"Они будут думать, что над ними светятся звезды.",0.0
"Ровно до того момента, как это звездное скопление их не сожрет.",0.0
"Кальмар даже может настраивать яркость бактерий, давая им разное количество еды.",0.0
Как в притче про двух волков.,0.0
"Помните, кого покормишь, тот и сильней.",0.0
Только тут сильней становятся бактерии.,0.0
"Для них, как и для других существ, еда это главный стимул.",0.0
Дайте им немного времени.,0.0
"Или так, дайте им достаточное количество времени, и они сожрут кого угодно и что угодно.",0.0
Эти миксобактерии во время охоты сцепляются волосками и начинают нападать синхронными волнами.,0.0
Такую биопленку ученые называют волчьей стаей.,1.0
И не просто так.,1.0
"Смотрите, как она разрывает в клочья колонию кишечной палочки.",1.0
"А когда пища заканчивается и идти больше некуда, бактерии хитро отращивают маленькие грибочки со спорами, которые разлетятся дальше и породят новых бактерий.",1.0
"Атакуют толпой, как муравьи,",1.0
"сэвят потомство, как слезовики, и термоформируют среду, как термитники.",0.0
"Но главное преимущество бактерий в том, что их дофига.",0.0
"Прямо сейчас встаньте на весы и отнимите, или вспомните, когда вы последний раз взвешивались, и отнимите от общей массы 2-3 килограмма.",0.0
И вот 2-3 килограмма это есть бактерии внутри вас.,0.0
"Теперь осознайте, насколько их много.",0.0
Не осознали?,0.0
Окей.,0.0
"Их больше, чем клеток в вашем организме.",0.0
"Хотя, смотря как посмотрите, если сходить так хорошо в туалет, их становится меньше, чем ваших клеток.",0.0
"Да, потому что большая часть бактерий оседает в кишечнике, в прямой кишке.",0.0
"Без них вы не могли бы переваривать, например, овощи или молочку.",0.0
"Но весь вопрос в том, что они требуют взамен.",0.0
"Чтобы понять это, ученые взяли эти две группы мух.",0.0
"Одних насекомых кормили крахмалом, чтобы в них расплодились лактобактерии, а других сахаром, чтобы лактобактерии, наоборот, померли.",0.0
"Когда насекомых выпустили, мухи из разных групп отказались размножаться и тупо разлетелись в две кучки, сахарную и крахмальную.",0.0
"Но как только всех накормили одинаково и микрофлора выровнялась, мухи мигом спарились друг с другом.",0.0
"Понимаете, что произошло?",0.0
Бактерии в кишечнике управляли самым важным в жизни мух — размножением.,0.0
Они будто приказывали.,0.0
"Раз я в твоем кишечнике, то ищи партнера с моим партнером в кишечнике.",0.0
Опа.,0.0
И тут возникает интересный вопрос.,0.0
Влияют ли как-то бактерии в нашем кишечнике на нашу жизнь?,0.0
"То есть, как-то могут они нами управлять?",0.0
У нас есть гипотезы.,0.0
Они довольно странные.,0.0
"Одни бактерии могут косвенно повышать IQ, другие — приводить к депрессии, а третьи влияют на способности к математике.",0.0
"Да, если хотите отдельный выпуск про то, как микрофлора рулит нашим поведением, ну, рулит нашей жизнью в целом, пишите в комментариях абсолютно точно после того, как оцените мою бороду от 0 до 10.",0.0
"Мы помним, да?",0.0
"Важно сначала борода, потом, хотим ли мы выпуск про кишечник.",0.0
Я лично хочу.,0.0
"Правда, это вот моя слабость.",0.0
А мы подходим к самому интересному.,0.0
"Прямо сейчас мы поймем не только то, какой у бактерий роевой интеллект, но и как вообще роевые интеллекты зарождаются в природе.",0.0
"Это Ричард Лэнски, и в его руках эксперимент, который он начал 36 лет назад.",0.0
"В холодильнике рядом с ним то, во что не верят сторонники теории заговора и божьего замысла.",0.0
"Там эволюция, которую можно увидеть собственными глазами.",0.0
Но начнем сначала.,0.0
1988 год.,0.0
Еще молодой Ричард рассаживает 12 бактерий кишечной палочки в 12 разных колб.,0.0
"Каждый день он кормит их глюкозой, а они в ответ начинают бурно расти.",0.0
А насколько бурно?,0.0
Вот вам на смену поколений нужно сколько?,0.0
"Около 20 лет, а бактериям нужно около часа.",0.0
Каждый день их количество увеличивается в сотню раз.,0.0
"Так что Ричарду приходится разбавлять бактерии 1 к 100, почти как гомеопату.",0.0
Чтобы те не умерли от перенаселения.,0.0
"В результате, за время эксперимента в колбах сменилось больше 74 тысяч поколений.",0.0
"Через каждые 500 поколений он замораживал образцы, чтобы сравнивать их с будущими потомками.",0.0
"36 лет каждый день, без выходных, Ричард кормил бактерии.",0.0
"Расселял маленькую часть из них по колбам, а остальные 99% уничтожал в этой печи.",0.0
"Так продолжалось день ото дня, пока внезапно одна из 12 колб не помутнела.",0.0
"Сначала Ричард подумал, что это какое-то загрязнение.",0.0
"Но когда понял в чем дело, о нем заговорила все научное комьюнити.",0.0
"Колба стала мутной, потому что бактерии в ней расплодились настолько, что они с трудом могли пропускать солнечный свет.",0.0
"Оказалось, что все годы они без остановки мутировали, чтобы однажды сделать свою жизнь чуточку лучше.",0.0
"И вот, во время очередной мутации, одна маленькая бактерия, пусть это будет она, поняла, что цитрат натрия, в котором все они плавают, тоже можно есть.",0.0
"Это все равно, что мы, прилетев на Марс, эволюционируем настолько, что сможем есть не только картошку, но и марсианский грунт, в котором мы ее выращиваем.",0.0
"Та бактерия, как муравей, который случайно нашел новую удачную тропинку.",0.0
"Мгновение спустя все остальные пошли по ней, и это раскрыло нам весь бактериальный алгоритм, который работает в два шага.",0.0
Шаг первый.,0.0
"Размножайся как можно быстрее, чтобы хотя бы один потомок из триллионов получил мутацию.",1.0
Шаг второй.,1.0
Не жадничай.,1.0
"Как только получил мутацию, тут же передавай с помощью горизонтального переноса генов эту мутацию всем вокруг.",1.0
"Горизонтального, значит, внутри одного поколения.",1.0
"То есть не потомкам, а братьям с сестрами.",1.0
"Представьте, что вам понравился мой цвет глаз, вы жмете мне, дотрагивайтесь до руки, и вот у вас такой же глаз.",1.0
Вот и все.,1.0
Вот так работает у бактерий.,1.0
"То есть, как-то вот так.",1.0
"Используя всего лишь эти два правила, в 2014 году бактерии Ричарда пошли еще дальше.",1.0
"Те из них, что не научились есть цитрат, стали есть продукты жизнедеятельности тех, кто ест цитрат.",1.0
кто ест цитрат.,0.0
То есть вместо конкуренции они выбрали коллаборацию.,0.0
"И в Колбе зародилась уникальная экосистема, где одни подъедают за другими.",0.0
Это и есть эволюция.,0.0
"Она научила бактерии забираться в кальмарах и светиться, диктовать мухам, с кем спариваться, находить новые источники пищи и даже создавать сложные сообщества в закрытых колбах.",0.0
"Эксперимент Ричарда Ленски доказал, что эволюция происходит не только под влиянием внешних событий, вроде там падения метеорита.",0.0
Эволюция идет всегда.,0.0
И прямо сейчас похожий эксперимент происходит уже в мировом масштабе.,0.0
В океане плавает огромное количество колб с собственной эволюцией внутри.,0.0
Это PET-бутылки и разный другой пластик.,0.0
"На нем развиваются особые биопленки, которые так и называются пластисферы.",0.0
"Это уникальная экосистема, где вся пищевая цепочка перестроилась под жизнь в пластике.",0.0
А бактерии научились есть сам пластик.,0.0
"Они выработали ферменты, которые буквально разрывают его полимерные цепочки.",0.0
"В итоге для каждого популярного вида пластика уже нашлась бактерия, которая его разлагает.",0.0
"Возможно, так же, как 8000 лет назад мы забирали у пчел мед, мы научимся забирать у бактерий их противопластиковые ферменты.",0.0
Эволюция это и есть самый большой и мощный роевой интеллект на планете.,0.0
Именно благодаря ему амебы могут превращаться в слизивика.,0.0
"Муравьи могут строить мосты, а пчелы обучают друг друга на языке танцев.",1.0
Алгоритм этого роевого интеллекта помогает развиваться всему живому на планете.,1.0
А может быть и за ее пределами тоже.,1.0
"Станислав Лэм в романе «Непобедимый» рассказывает, как на планете Регес-3 происходила эволюция давно забытых там роботов.",1.0
"Первые образовывали огромные ветвистые структуры, похожие на подземные небоскребы.",1.0
Вторые уменьшились и стали похожи на растения.,1.0
"Наконец, третьи решили брать числом и превратились в бесчисленный рой из робомух.",1.0
Именно он и стал непобедимым.,1.0
"Робомушки выводили из строя самую мощную технику защиты из силовых полей, прямо как муравьи, которые толпой прогрызают птичье яйцо.",1.0
"В результате люди поняли, что роем не враг.",1.0
"В процессе эволюции он стал частью природных сил планеты, а со стихией бороться бессмысленно.",1.0
"Просто нужно признать, что не все в этом мире создано для нас.",1.0
"Ну а мы с вами теперь понимаем,",1.0
"Кто-то назовёт Ленина, кто-то Рузельта или Черчилля, кто-то Махатму Ганди.",1.0
"Если человек далёк от политики, он может назвать Эйнштейна, Уолта Диснея или Братьев Райт.",1.0
"Но вы даже не представляете, сколько наших бытовых привычек, включая привычки вредные, как мы одеваемся, что мы едим, что пьём, появились из-за человека, о котором знает узкий круг специалистов.",1.0
"Человека, статья Википедии о котором в два раза короче статьи о группе Иванушки Интернешнл.",1.0
"Я всю профессиональную карьеру был связан с медиа, пиаром и диджитал индустрии и преподаю историю политической пропаганды.",1.0
"Многим, даже среди моих студентов, кажется, что мы сами руководим своей жизнью.",1.0
"Но это тоже иллюзия, которую нам навязали люди,",1.0
стоявшие у основания индустрии пиара.,0.0
"Пока вы будете смотреть этот ролик, вы много раз будете ловить себя на мысли, что такого просто не может быть, что это совпадение или выдумка.",0.0
"Но здесь будут только факты, которые подтверждены рассекреченными документами, финансовыми отчётами и монографиями.",0.0
"Многие истории легко гугляться, но про них мало кто в курсе.",0.0
"Потому что мало кому в индустрии хочется, чтобы все знали, как на самом деле работают реклама и пиар.",0.0
"В этом видео вы узнаете, из-за чего люди пьют пиво и едят бекон, зачем молодожены покупают кольца с бриллиантами на помолвку и почему бабушка курит трубку.",0.0
"Вы поймёте, как работает пропаганда, почему маркетологи знают нас лучше нас самих и к чему приводит чёрный пиар в руках нацистов.",0.0
"Фанаты сериала Мэдмен, для вас тоже будет несколько заготовок.",0.0
"Сегодня мы будем говорить о том,",0.0
"как пропаганда, реклама и пиар полностью поменяли наш образ жизни.",1.0
"А главный герой этого выпуска — Эдвард Бернейс, отец современной пропаганды и всего, что связано с пиаром и рекламой.",1.0
"Человек, который родился при Александре Третьем, а умер при Ельцине.",1.0
"Сумрачный гений, без которого 20-й век был бы совершенно другим.",1.0
"С вами Фаеб, вы на канале, где интересные истории не просто рассказывают, но и пытаются объяснить.",1.0
Эдди Бернейс родился в Вене в 1891 году в очень непростой семье.,1.0
Дедушка — главный раввин всего Гамбурга и родственник поэта Гейна.,1.0
"Все родня — медики, госслужащие и писатели.",1.0
"А дядя, ни много ни мало, Зигмунд Фрейд.",1.0
Дядя причем двойной.,1.0
"Мама Эдварда была сестрой Фрейда, а папа — братом его жены.",1.0
"Пока Эдди еще ходил под стол, Фрейд уже делал первые шаги психоанализа.",1.0
Разница в возрасте у них была 35 лет.,1.0
Через пару лет отец Бернейса перевез семью в Америку.,1.0
"Он был довольно успешным бизнесменом,",1.0
но тяжелым человеком и тираном в семье.,0.0
В 10 лет Бернейс полюбил чтение.,0.0
"Сам Бернейс говорил, что подтолкнул к этому его довольно простой для подрастающего мальчика вопрос — как устроен секс.",0.0
"Спрашивать у родителей было как-то неудобно, поэтому пришлось разбираться самому.",0.0
"Каким бы папа ни был тираном, денег на образование он не жалел.",0.0
"Бернейс окончил частную школу, а бакалавром стал в области сельского хозяйства в престижном университете.",0.0
"Потом он признавался, что знания о том, как правильно вспахивать землю, ему особо не пригодились.",0.0
Ему было интересно другое — как идеи и слова могут перепахать судьбы и поведение людей.,0.0
"Одной из его первых работ был Бродвей, куда он устроился на должность пресс-секретаря-фрилансера.",0.0
"Индустрия была довольно молодая, и подход там был простой.",0.0
"Есть новая постановка, куда надо продавать билеты.",0.0
Давайте будем умолять газеты что-то написать про них на последней полосе воскресного выпуска.,0.0
"Актеры молодцы, сценарий логичный, не шоу, а блеск.",1.0
Тот Бернейс предложил неординарный подход.,1.0
"Он поднялся на уровень выше и расставил акценты на историях, которые стоят за бродвейскими шоу.",1.0
"Новый спектакль о том, как капиталисты эксплуатируют угольщиков — делаем акцент на проблемах капитализма и судьбе простого американского трудящегося, а не на том, как кто-то кого-то сыграл.",1.0
"История про сирот — говорим, что постановка прогрессивная, потому что общество замшело, а дети заслуживают любви и заботы.",1.0
"А еще лучше — просто выпустить о сиротах статью, где название постановки будет ненавязчиво упоминаться раза три.",1.0
"Вначале, в середине и ближе к концу.",1.0
Пиарщики называют такой трюк «отравленный сэндвич».,1.0
"Если вам нужно донести что-то до аудитории, окружите это что-то любопытной или полезной",1.0
"историей, и внутри ее уже донесите или продайте аудитории то, что вам нужно.",0.0
"Отдельная история, как Бернейс пиарил русский балет, а именно русские сезоны Сергея Дягилева.",0.0
На тот момент сезоны уже прошли в Европе и вызвали настоящий фурор.,0.0
Но там с культурой русского балета все были примерно знакомы.,0.0
"В Америке никто не понимал, что пляски, странные костюмы и оркестровая музыка — это вершина искусства, а не какой-то фарс.",0.0
"Бернейсу надо было объяснить, почему каждый уважающий себя американец должен сходить на балет.",0.0
Что он сделал?,0.0
Шаг первый — расскажи о персоналиях.,0.0
"Не просто танцоры, а несравненный Нижинский и бесподобная Корсавина, представители великой балетной школы.",0.0
Шаг второй — разные истории для разных аудиторий.,0.0
Женщинам рассказываем о костюмах.,0.0
Состоятельных и прогрессивных мужчин очаруем невероятной музыкой и громкими именами.,0.0
Зрителям попроще впечатлим фотографии главной танцовщицы в обтягивающем платье Шахерезаде.,0.0
"Шаг третий — работаем с предрассудками и не пытаемся переломить то, что переломить нельзя.",0.0
"В одном журнале Бернейсу сказали, что не будут публиковать фотографии танцовщиц.",0.0
Вот на своем уме?,0.0
"А ничего, что у них юбки не до колена.",0.0
"И Бернейс заплатил 600 собственных долларов костюмерам, чтобы их перешили.",0.0
Очень внушительная на тот момент инвестиция сработала.,1.0
"Миллионы женщин по всей стране увидели костюмы, которые британская публика одобит.",1.0
Пиар-компания длилась почти два года.,1.0
К ее концу русский балет полюбила вся Америка.,1.0
"Консервативная страна раскрепостилась через танец и стала по-другому воспринимать свободу тела, движений и образов.",1.0
"Сегодня такое тяжело представить, но для начала 20 века русский балет был чуть ли не секс-революцией.",1.0
Но вскоре Америке стало не до искусства.,1.0
Началась Первая мировая война.,1.0
Гениальные маркетинговые идеи иногда возникают случайно.,1.0
"В 1949 году директор кредитной компании Фрэнк Макнамара забыл кошелек дома перед тем, как пойти в ресторан.",1.0
Пришлось неловко извиняться перед официантом и просить у людей взаймы.,1.0
"Чтобы таких ситуаций больше ни у кого не возникало, он придумал клуб любителей ресторанов.",1.0
"Этот клуб выдавал карточки,",1.0
"гости предъявляли их в заведениях, а в конце месяца расплачивались по счетам.",0.0
Так появились первые кредитки в их современном виде.,0.0
"Стоит ли говорить, какой успех ждал эту инновацию.",0.0
Кредитные карты обрастали все новыми функциями и становились все выгоднее.,0.0
Карта Тинькофф-Платиновым достигла на этом пути больших успехов.,0.0
Смотрите сами.,0.0
"Кредитный лимит до миллиона рублей, кэшбэк по спецпродолжениям от партнеров банка до 30%, бесплатные переводы на карты любых банков до 50 тысяч в месяц, а с подпиской Тинькофф Про до сотни, плюс рассрочка до 12 месяцев на любые покупки от 1000 рублей.",0.0
"Ее, кстати, можно подключить прямо в приложение.",0.0
А для оформления нужен только паспорт и минута времени.,0.0
Банк быстро примет решение о выдаче и карту вам могут доставить в день подачи заявки.,0.0
"Думаю, после новогодних трат эта карта пригодится многим, поэтому переходите по ссылке в описании к видео и ждите курьера с картой Тинькофф -Платиновым уже сегодня.",0.0
А мы продолжаем изучать наследие Эдди Бернейса.,0.0
Почти весь 19 век Америка прожила под доктриной Монро.,1.0
"Если кратко, мы не лезем к вам, вы не лезете к нам.",1.0
"Европейские монархии со своими проблемами отдельно, штаты с демократией отдельно.",1.0
В Европе за сто лет случилось больше 60 войн и восстаний.,1.0
"Америка, несмотря на гражданскую войну, крови и насилия видела в разы меньше.",1.0
"Когда в Европе разгорелась война, которая покончит с войнами, Америка довольно долго сохраняла нейтралитет и в целом была настроена пацифистски.",1.0
"Но после того, как немцы затопили несколько гражданских судов с американцами на борту, а займы союзникам превысили 10 миллиардов долларов, которые нельзя было потерять, штаты решили вступить в войну на стороне Антанты.",1.0
"Бернейс рвался на фронт, но не пустили пути.",1.0
"Смотря на солидную разницу в возрасте, 57-летний Фрейд говорил с 22-летним Бернейсом на равных.",0.0
"Бернейсу нравилось раскручивать модные фильмы, но эффект сплочения вокруг флага был сильнее.",0.0
"Бернейс хотел сделать все, чтобы помочь своей стране.",0.0
Тут его старые друзья свели его с членами Комитета общественной информации.,0.0
"Фактически, Министерство пропаганды Америки в Первой мировой.",0.0
"Главной задачей Комитета было объяснить гражданам, что времена изоляционизма Монро закончились.",0.0
Все для фронта.,0.0
"Демонизация врага, политинформация, мобилизация.",0.0
"75 тысяч волонтеров смогли мобилизовать и убедить ста миллионную нацию, что Америка обязана вступить в войну за тысячи километров от ее границ.",0.0
"Бернейс вспомнил методы, которые он применял на Бродвее, но для психологической войны.",0.0
"Его коллеги с трудом понимали, что он делал.",0.0
"Например, когда ему поручили работать с итальянскими военными, он не стал, как остальные, проговаривать в очередной раз, что немцы плохие, их надо убивать.",0.0
"Бернейс напечатал открытки, где были изображены великие итальянцы, которых почитает диаспора в Америке.",0.0
"Христофор Колумб, Джузеппе Гарибальди, объединивший Италию.",0.0
"Все ради сплочения антанты, куда входила и Россия.",0.0
Бернейс называл это бумажными пулями победы.,0.0
Вскоре и обычные пули сделали свое дело.,0.0
Страны начали вести переговоры.,0.0
"Бернейс оказался в шорт-листе из 16 человек, которые вместе с президентом Вудро Вильсоном отправились на мирную конференцию в Париже.",0.0
Неплохо для 28-летнего пиарщика.,0.0
"После того, как Бернейс вернулся обратно в Америку, он понял, что методы военной пропаганды можно было применять и в мирное время на простых гражданах.",0.0
Желательно при этом не использовать слово пропаганда.,0.0
Звучит слишком грубо.,0.0
"Лучше заменить его на более нейтральное — связи с общественностью, то есть пиар.",0.0
Пропаганда была плохим словом из-за немцев.,0.0
Я попытался найти какое-то новое слово.,0.0
Так появилось консультирование по связям с общественностью.,0.0
Важный момент.,0.0
"Если этот ролик разложить на облако понятий, то есть термины, которые будут употребляться чаще всего, троица лидеров будет такая.",0.0
"Пропаганда, пиар и реклама.",0.0
"Я сейчас не буду читать длинную лекцию и объяснять, чем эти три понятия отличаются.",0.0
Я поступлю как Бернейс.,0.0
"Дам понятный символ, ассоциацию, чтобы вы поняли, как мы их будем употреблять.",0.0
Это матрешка.,0.0
"Пропаганда, то есть манипулирование, управление общественным мнением — это база.",0.0
"Все инструменты маркетинга, пиара и рекламы, как ключевого маркетингового рычага, все там есть.",0.0
"Когда мы вынимаем из пропаганды политический и военный контекст,",0.0
мы получаем пиар.,1.0
"По сути, то же самое.",1.0
"Это облегченная версия пропаганды, где мы по-прежнему дирижируем общественным мнением, но чаще всего в интересах конкретного бренда, конкретной компании.",1.0
Реклама — это самая мелкая матрешка в этой троице.,1.0
Ее основная цель — рост продаж.,1.0
"Репутация и сила бренда, как в пиаре, рекламчикам интересны в десятую очередь.",1.0
Главное — выручка.,1.0
"И самое поразительное, что Бернейс, как Вильям Голас, игравший в лондонских Тоттенхэме, Арсенале и Челси, успел поиграть за все три команды — и пропаганду, и пиар, и рекламу.",1.0
Причем играл он виртуозно.,1.0
"Одним из его первых клиентов стала компания, которая придумала замороженную рыбу.",1.0
"В начале 20-х годов мало кто верил, что если рыбу заморозить, то она не испортится.",0.0
"Бернейс собрал большую группу ученых и диетологов, которые рассказывали о пользе нового продукта на рынке.",0.0
Но тогда Эдварду никто не поверил.,0.0
История оказалась публике слишком скользкой.,0.0
"Первый крупный успех Бернейса — это компания, которая делала сеточки для волос.",0.0
Вы наверняка видели их на архивных кадрах девушек начала века.,0.0
"После Первой мировой сетки вышли из моды, и компания пришла к Бернейсу за советом.",0.0
"Никаких маркетинговых исследований тогда, естественно, не было.",0.0
Был спрос — было предложение.,0.0
"Спрос упал — значит, это больше никому не нужно.",0.0
Надо думать над новыми продуктами.,0.0
Что сделал Бернейс?,0.0
Первое — пошел к главному иллюстратору журнала «Космополитен».,0.0
"Они начали обсуждать идеал женской красоты, и Бернейсу дико повезло.",0.0
"Этому работнику «Космополитена» очень нравилась так называемая греческая прическа, которую невозможно было сделать без той самой сетки для волос.",0.0
"Тогда они решили написать письма сотне других иллюстраторов модных журналов с вопросом, считают ли они греческую прическу красивой.",0.0
Те согласились.,0.0
Дальше по классике.,0.0
"Поддержка экспертов, пресс-конференция, публикация в газетах, а затем история разлетелась по женским клубам по всей стране.",0.0
Дальше.,0.0
Идем к комиссару здравоохранения Нью-Йорка.,0.0
"Человек он простоватый, прямой как шпала, но мы знаем, что он очень любит публичность.",0.0
"Приукрашиваем историю о том, что сетки для волос очень полезны для гигиены, а во время готовки вообще незаменимы.",0.0
"И он хватается за эту тему, сам убеждает своих коллег, созывает пресс-конференции, и неожиданно, абсолютно бесплатно идею подхватывает сенатор из Сиэтла, в другом конце страны, у которого в напитках в ресторанах постоянно плавали женские волосы.",0.0
"Затем идем к министру труда и убеждаем его, что сетки для волос необходимы на производстве для техники безопасности.",0.0
"Он тоже соглашается и начинает, не подозревая этого, работать на Бернейса.",0.0
"Вишенка на торте — юмор, который любую идею делает ярче и прикольнее.",0.0
"Идем в порт Нью-Йорка, где стиведоры планируют спускать на воду новую баржу.",0.0
"Платим им гонорар и просим назвать судно в честь компании, которая производит сетку для волос — Венида.",0.0
А затем собираем пресс-конференцию и презентуем слоган «Венида управляет волнами».,0.0
"Волны, как на воде и как волнистые волосы.",0.0
"А теперь представьте себе ничего не подозревающих американских женщин, которые никогда в жизни не сталкивались до этого с пиаром.",1.0
"Буквально в один момент все модельеры, министры труда и здравоохранения начинают в один голос твердить, что за сетками для волос будущее.",1.0
Вон еще Венида какую акцию креативную провела.,1.0
Самое время пойти и купить наконец-то уже себе эту сетку.,1.0
Так и произошло.,1.0
Продажи Вениды резко подскочили.,1.0
И тут Бернэйс окончательно убедился.,1.0
"Люди очень доверчивы, если не сказать жестче.",1.0
"Возможно, дело в авторитарном отце.",1.0
"Может быть, дело в дядюшке Фреде и их задушевных беседах.",1.0
"А может быть, все вместе.",1.0
Но Бернэйс всегда смотрел на людей свысока.,1.0
"Вот давайте возьмем фермера, который разводит коз и делает прекрасный козий сыр.",1.0
Ненавидит ли он своих коз?,1.0
Конечно нет.,1.0
"Он с ними работает, они его кормят в прямом и переносном смысле.",1.0
Но любой фермер прекрасно понимает.,1.0
Он наголову выше любой козы.,1.0
Тут та же ситуация.,1.0
Причем Бернэйс не был каким-то расистом.,1.0
В свое время он даже помогал обществу по защите прав цветного населения.,1.0
"Причем делал это на юге США в 20-е годы,",1.0
когда на каждого такого активиста находился мужчина в белом балахоне.,0.0
Дело было в другом.,0.0
"И античные, и современные философы всегда говорили, что демократия — несовершенная форма правления.",0.0
Представьте себя на корабле во время шторма.,0.0
Кому вы доверите штурвал?,0.0
Специально обученному опытному капитану?,0.0
"Или поступите демократически, проведете выборы, выслушаете все стороны и только потом дадите порулить выбранным членам экипажа в зависимости от того,",0.0
насколько они вас убедили.,1.0
"Так же думали отцы-основатели, когда рождалось американское государство.",1.0
У народа должна быть власть.,1.0
"Но при этом нужны механизмы, которые бы ограничивали массы.",1.0
"Нужны институты, четкие правила, никакой махновщины.",1.0
Так родилась их сложная система с выборщиками на президентских выборах.,1.0
Посредниками между народом и властью.,1.0
При желании выборщики могут вообще пойти против воли избирателя.,1.0
"Условно, штат проголосовал за Трампа, а выборщик, который должен по идее отдать голос Трампу, берет и поддерживает Байдена.",1.0
Такое как раз было в 16-м году.,1.0
"Хиллари Клинтон потеряла 5 голосов выборщиков, а Трамп потерял 2.",1.0
В 20-е годы прошлого века в Америке каждый четвертый темнокожий и примерно каждый десятый белый не умел читать.,1.0
В среднем по миру было еще,1.0
"хуже, 2 трети населения были безграмотными.",0.0
А теперь представьте себя на месте Бернейса.,0.0
"Небедная семья, успешные родственники, элитное образование.",0.0
"Ему ли было не знать, что публику легко можно ввести в заблуждение, чтобы заставить ее делать неправильные вещи или вещи, которые вы хотите, чтобы они для вас делали.",0.0
По этой логике людьми надо управлять.,0.0
Это был такой своеобразный просвещенный деспотизм.,0.0
"Бернейс сам писал, что вдохновлялся работами своего друга и другого известного теоретика общественного мнения Уолтера Липмана.",0.0
"Он упрекал людей в том, что они иногда становятся растерянным стадом и призывал поставить общественность на место.",0.0
Главный вывод Бернейса был простой.,0.0
Единственный способ спасти людей от самих себя это их контролировать.,0.0
"Послушайте, что об отце говорила родная дочка Бернейса.",0.0
"Люди работающие на него были тупыми, дети были тупыми.",0.0
"Если кто-то делал вещи не так, как он задумал, они были тупыми.",0.0
Это слово он использовал постоянно.,0.0
Болван и тупой.,0.0
"Народные массы, они тоже были тупыми.",0.0
"Естественно, на взглядах Бернейса сказались работы Фрейда.",0.0
"После Первой мировой всю Европу, особенно Германию и Австрию, накрыл жесткий кризис.",0.0
Почти все состояние звезды психоанализа обесценилось за год и выручил племянник.,0.0
"Бернейс, по сути, стал PR-менеджером Фрейда в Америке.",0.0
До него работы австрийца считались весьма маргинальными.,0.0
Благодаря его связям в медицинских кругах работы Фрейда начали живо расходиться по всей стране.,0.0
О Фрейде мы говорили в нашем видео о психотерапии как новой религии.,0.0
"А сейчас давайте посмотрим на то, как Бернейс использовал психоанализ Фрейда и Юнга и то самое коллективное бессознательное в PR.",0.0
Он сформировал культуру чтения книг в поездах.,0.0
В 2024 году новые книги не надо искать на вокзалах.,0.0
Они все в букмейте.,0.0
"Например, Укрытие, книга 2, Смена.",0.0
В первой книге архитектора-конгрессмена пригласили строить некие подземные хранилища.,0.0
Но реальная цель проекта оказалась совсем другой.,0.0
"И вот наконец-то можно прочесть долгожданное продолжение и узнать, какая незавидная судьба ждет участников проекта в далеком будущем.",0.0
"Если читать не хочется, можно слушать.",0.0
"В сервисе есть аудиосериалы, такие как Луна 84.",0.0
"Там речь о лунной тюрьме, где главный герой постоянно на власке от смерти, как и другие заключенные.",0.0
Но терпеть он это больше не намерен.,0.0
"Страшную историю тюрьмы нам раскрыли в первом сезоне, а во втором нас ждут другие неожиданные повороты.",0.0
Вообще в букмейте легко найти книгу на любой вкус.,0.0
"Библиотека огромная, навигация суперудобная и подборки с рекомендациями под рукой.",0.0
Озвучка аудиокниг очень приятная для поездок в транспорте или прогулок.,0.0
Сервис доступен пользователям Яндекс Плюс.,0.0
Просто добавьте себе опцию букмейт и читайте или слушайте книги на здоровье.,0.0
"Если подписки нет, то по промокоду, который вы видите на экране, ее можно забрать прямо сейчас.",0.0
Бесплатно и сразу на 45 дней.,0.0
Сделать это можно по ссылке под роликом.,0.0
А мы дальше учимся у лучших пиарщиков.,1.0
В 20-е годы Бернэйс ворвался уже со стоявшимся специалистом с увесистым портфолио за плечами.,1.0
В 23-м он выпустил свой альманах «Кристаллизация общественного мнения».,1.0
Эта книга — живая классика.,1.0
Даже спустя 100 лет она остается настольным трудом любого пиарщика.,1.0
Успешный кейс за успешным кейсом.,1.0
И к 30-ти Бернэйс стал настоящим серым кардиналом американского капитализма.,1.0
Вообще ему очень повезло со временем.,1.0
Не зря 20-е годы называют ревущими.,1.0
Сразу несколько факторов совпали.,1.0
"Бум производства после Первой мировой, рост рынка акций, массовая электрификация и повсеместная мода на рекламу.",1.0
"Короче говоря, идеальная среда для пиара нового поколения.",1.0
Посмотрите на рекламу до и после Бернэйса.,1.0
Раньше акцент был на практичности.,1.0
"Условно вы должны купить этот автомобиль, потому что вы сможете на нем ездить.",1.0
Ну еще он красивый и надежный.,1.0
Эдвард Бернэйс перевернул рекламу,1.0
с ног на голову.,0.0
Почувствуйте разницу.,0.0
"Не вы должны купить этот автомобиль, а вы будете чувствовать себя лучше, когда его купите.",0.0
Это не просто механическая купля-продажа.,0.0
Это что-то личное и сокровенное.,0.0
Возникла связь с покупкой на эмоциональном уровне.,0.0
С деньгами проблем у американцев тогда не было.,0.0
"Чеки, кредиты, рассрочки.",0.0
Именно в 20-е годы жители Америки из простых граждан стали потребителями.,0.0
"Раньше все хотели регулярно есть, не умирать на работе и желательно владеть какой-то землей.",0.0
Теперь все захотели покупать вещи.,0.0
"Не просто так у них в Конституции записано, что у человека должно быть право на счастье.",0.0
Президент Гувер на встрече с пиарщиками так и говорил.,0.0
Консюмеризм стал центром американской жизни.,0.0
"Вы, пиарщики и рекламщики, вы формируете желание, а люди превратились в постоянно движущиеся машины, которые надо заправлять дозами счастья от покупок.",0.0
Бернэйс использовал все современные техники рекламы.,0.0
"Популярные актрисы носили головные уборы и украшения только тех брендов, которые работали с Бернэйсом.",0.0
Так появился продукт-плейсмент и бренд-амбасадорство.,0.0
"Эффект был примерно такой же, как с Гуччи и Луи Виттон.",0.0
"Сначала их носят рэперы, снимают с ними клипы, а потом о них мечтают подростки.",0.0
"Забавный кейс вышел с мылом компании Procter & Gamble, с которой Бернэйс проработал почти 30 лет.",0.0
У них была проблема.,0.0
Дети совершенно не любили мыться.,0.0
Мыло без слез придумают только через 30 лет.,0.0
"Проблему нужно было решать здесь и сейчас, иначе продажи не поднять.",0.0
Бернэйс прошелся по психологам и придумал такой трюк.,0.0
"Проспонсировать национальный конкурс по резьбе по мылу, естественно, от Procter & Gamble.",0.0
"Дети же любят что-то делать руками, особенно тех, что помладше.",0.0
Вот пусть делают свои миниатюрные фигурки из мыла и подсознательно меняют свое и своих сверстников к нему отношение.,0.0
"Точных цифр о том, как это улучшило гигиену детей, у нас нет.",0.0
"Зато мы знаем, что всего за год в конкурсе поучаствовало почти 23 миллиона детей.",0.0
"Компания поставила рекорды по продажам, а резьба по мылу даже сегодня остается весьма популярным хобби у детей в Штатах.",0.0
"Вообще, отношения Бернэйса с гигиеной были чуть ли не религиозными.",0.0
Буквально.,0.0
Чистота человека стоит где-то рядом с поклонением Господу.,0.0
"Например, Бернэйс был одним из популяризаторов вторирования, то есть минерализации воды.",0.0
Это делается и сегодня для профилактики кариеса.,0.0
"В следующий раз будете покупать бутылку воды,",0.0
гляньте этикетку и передавайте привет дедушке Эдди.,1.0
"Если что, ничего опасного в этом нет.",1.0
Паниковать как герой кубриковского Доктор Стрэнджелав не стоит.,1.0
"Ты же понимаешь, что вторирование это самый чудовищный коммунистический заговор, с которым сталкивалась Америка.",1.0
Конспирологическое движение борцов против обязательного вторирования воды приписывает Бернэйсу очень спорную цитату.,0.0
"Общественность готова принять все что угодно, потому что врач это авторитет для большинства, независимо от того, знает он что-либо или нет.",0.0
"Даже если Бернэйс этого не говорил, он точно мог так думать.",0.0
Ярче всего это проявилось в самом влиятельном пиаркесе в истории.,0.0
Речь о яичнице с беконом.,0.0
"К Бернэйсу на консультацию пришел производитель бекона и попросил его, как обычно, сделать магию.",0.0
"Бернэйс посмотрел на стандартный завтрак американцев и понял, он очень легкий.",0.0
"В лучшем случае тост и кофе, в худшем вообще ничего.",1.0
"А энергия с утра была нужна, если ты шел работать ни свет ни заря.",1.0
Это есть и в нашем фольклоре.,1.0
"Завтрак съешь сам, обед подели с другом, ужин отдай врагу.",1.0
Но индустриализация внесла свои коррективы и тренд сломался.,1.0
Что придумал Бернэйс?,1.0
"Он опять пошел к своему знакомому медику и спросил его, скажи, а какой завтрак будет полезнее?",1.0
Легкий или тяжелый?,1.0
"Организм же за ночь энергию теряет, получается плотный завтрак полезнее для здоровья.",1.0
"Медик ему ответил, наверное, да, если энергию с утра восстановить,",1.0
то здоровье от этого будет лучше.,0.0
За ночь наш организм действительно сжигает калории.,0.0
"Если плотно поесть, организм получит много калорий.",0.0
"Ну получит и получит, причем тут здоровье-то?",0.0
"По этой же логике можно начинать завтракать половиной батона жареной картошки с майонезом и сверху еще наполеончиком шлифануть, потому что там-то калории еще больше.",0.0
"Может быть Бернэйс сначала провел какое-то медицинское, нутрицелогическое исследование?",0.0
"Естественно, нет.",0.0
Он просто разослал 5000 писем другим врачам с наводящими вопросами и получил от них нужные ответы.,0.0
"А после этого начал бомбардировку журналистов результатами своего формирующего опроса, который не социология никакая, а самая настоящая агитация.",0.0
"А потом уже на удобренную почву зашла та самая компания, производитель бекона.",0.0
"Вот он, настоящий американский завтрак.",0.0
Сытный бекон.,0.0
Ешь его вместе с яичницей.,0.0
Разбуди свою энергию.,0.0
Всего за полгода этой акции продажи бекона пробили стратосферу.,0.0
"В связи с этим остальной мир настолько полюбил бекон, что теперь в году три международных дня бекона.",0.0
"В августе, сентябре и декабре.",0.0
Просто вдумайтесь.,0.0
"Пришли бы к Бернэйсу производители индейки, классическим американским завтраком могли бы быть индюшачьи фрикадельки или сосиски.",0.0
Но история с беконом покажется вам детской шалостью после следующего бизнес-кейса Бернэйса.,0.0
В 20-е Бернэйс начал работать с табачниками.,0.0
"Когда человечество открыло для себя лучи ультрафиолета, весь мир безосновательно считал их чем-то волшебным.",0.0
"Лампы, которые сегодня валяются на антресоле вашей бабушки, скупали абсолютно все.",0.0
"И уже тогда все начинали догадываться, что между сигаретами и онкологией есть не только корреляция, но и каузация.",0.0
"Тот же дядюшка Фрейд, не вынимавший сигару изо рта, последние годы жизни боролся с раком челюсти.",0.0
Табачники решили сломать этот тренд с помощью ультрафиолета.,0.0
"Фанаты сериала «Безумцы» Mad Men помните самую первую серию, где главный герой придумывал брендинг табачной компании?",0.0
"И пиарщик говорит, а давайте сделаем слоган «It's toasted».",0.0
"У всех табачников табак якобы не поджарен, а у нас поджарен.",0.0
"Поэтому у остальных сигареты вредные, а у нас чуть ли не полезные.",0.0
То же самое было с ультрафиолетом.,0.0
Табак в Lucky Strike во время обработки решили засвечивать ультрафиолетовыми лампами.,0.0
"Так появился слоган «Свет смягчает, тепло очищает».",0.0
Lucky Strike — защита вашего горла и защита от кашля.,0.0
"Сейчас понятно, что звучит как абсолютно неприкрытая ложь.",0.0
Но как это звучало тогда?,0.0
"Курил тогда и правда чуть ли не каждый второй, даже женщины.",0.0
"Только делали они это дома, втихую.",0.0
В ресторане курящую девушку было не найти.,0.0
"Общество считало женское курение вульгарной привычкой, и женщины этого стыдились.",0.0
В 1908 году власти Нью-Йорка вообще запретили женщинам курить в общественных местах.,0.0
"В 20-е годы, когда общество начало раскрепощаться, Lucky Strike первыми поняли, что женскую нишу нужно поскорее занимать.",0.0
"Но как заставить женщин массово курить, чтобы они не боялись курить на улицах и в кафе?",0.0
"Тем самым подсаживая на сигареты других девушек, которых видят.",0.0
"И за советом пришли к Бернейсу, и он их опять не подвел.",0.0
Он не стеснялся просить совета у людей более компетентных в какой-то узкой сфере.,0.0
И на этот раз пошел в психоаналитику.,0.0
"Специалист ему сообщил, что курение — это сублимация орального эротизма.",0.0
"Первая закурившая женщина наверняка прекрасно понимала, что это что-то мускулинное по механике, но все равно начала курить.",0.0
"А теперь, говорит ему психоаналитик, посмотри, что творится в нашем обществе.",0.0
"Женщины работают на тех же работах, что и мужчины, меньше рожают, на выборы им ходить разрешили.",0.0
"Это, дорогой мистер Бернейс, уже не просто сигареты, это факелы свободы.",0.0
Бернейс зацепился за эту фразу и начал работать.,0.0
"Он специально подобрал женщин не слишком модельной внешности, заручился поддержкой феминистки Рутхейл, раздал этим женщинам сигареты и устроил митинг за права женщин на центральных улицах Манхэттена.",0.0
"И пока они митинговали и курили, их снимали заранее подосланные репортера Бернейса.",0.0
Фотографии с митинга для публикации в газетах он отбирал лично.,0.0
"Десять курящих женщин, которые борются за свои права, сколыхнули целую нацию.",0.0
"Вся Америка, от Калифорнии до Флориды, месяц жила этой истории.",0.0
"А Лаки Страйк, естественно, был на коне.",0.0
"Они поменяли цвет упаковки на цвета, которые тогда считались модными у женщин и включили медийный каток.",0.0
Древнему предрассудку пришел конец.,0.0
Возьми сигарету Лаки вместо конфеты.,0.0
Хочешь утонченную фигуру?,0.0
Никто не запретит тебе Лаки Страйк.,0.0
"Последние два слогана бонусом обыгрывали тему, что сигареты должны были заменить девушкам лишние перекусы.",0.0
Продажи Лаки били рекорды и уже в 70-е на двух курящих мужчин приходилась одна женщина.,0.0
Вскоре женское курение стало ассоциироваться с femme fatale.,0.0
"Красиво, сексуально и, как сегодня модно говорить, empowering.",0.0
Одна проблема.,0.0
Только в 2012 году от рака легких в мире умерло полмиллиона женщин.,0.0
"Можно смело сказать, что за 100 лет число жертв женского курения измеряется десятками миллионов.",0.0
Вот вам и забота о нации от Эдварда Бернейса.,0.0
Так извратить феминизм это надо было постараться.,1.0
"После этих кейсов все рекламщики поняли, психология и эмоции должны стать центром любой маркетинговой кампании.",1.0
Прямо сейчас поговорим о самых безумных идеях учеников Бернейса.,1.0
Мужская аудитория меня сейчас поймет.,1.0
"Мы, когда оказываемся среди других мужчин, подсознательно, может и осознанно начинаем с ними соревноваться.",1.0
"Есть какие-то вещи абсолютно нелогичные, которые на глубинном уровне задевают вот это вот мужское.",1.0
Речь даже не про деньги и кто сколько может выпить и не свалиться под стол.,1.0
"Например, незаточенные ножи.",1.0
"Абсолютно же иррациональная история, но если вдруг из гостей кто-то узнает,",1.0
"что у тебя дома тупые ножи, твои добрые нетоксичные друзья наверняка тебя подколят.",0.0
Как это?,0.0
"Мужик, а хозяйство не в порядке.",0.0
Это работает во всем.,0.0
"Например, вспомните этот неофициальный чемпионат мускулинности, когда речь заходит о шашлыках.",0.0
Есть стереотип.,0.0
"Мужчина может не уметь готовить, но приготовить мясо на гриле, барбекюшнице, на мангале, вообще где угодно.",0.0
Это чисто мужское дело.,0.0
И в Америке та же история с газоном.,0.0
"Если перед твоим каркасным домом не пострижен газон, ну какой из тебя хозяин?",0.0
Сто лет назад сигареты Мальборо изначально выпускали для женщин.,0.0
"Все потому, что там были фильтры.",0.0
"Считалось, что настоящие мужики должны курить сигареты без них.",0.0
Беломор Канал Стайл.,0.0
"После 60-х, когда стало очевидно, что курильщики массово умирают от онкологии, скрывать последствия курения становилось сложнее.",0.0
Даже табачные магнаты поняли.,0.0
"Или переводим курильщиков на фильтр, или теряем клиентуру.",0.0
"Как решить проблему со стереотипным восприятием, что фильтры это для женщин?",0.0
"Правильно, нужно давить на то самое мужское.",0.0
Еще один влиятельный пиарщик Лео Бернетт придумал для этого ковбоя Мальборо.,0.0
По-английски буквально «человек Мальборо».,0.0
"Бренду удалось связать два, на первый взгляд, совершенно разных мира.",0.0
"С одной стороны, квинтэссенция свободы и независимости.",0.0
"А с другой, вредная бумажка с никотином.",0.0
Реклама сработала на ура.,0.0
Ковбой Мальборо был на всех постерах страны.,0.0
На многих рекламных счетах даже не было слоганов.,0.0
Просто курящий ковбой Мальборо.,0.0
"Никаких рациональных доводов о том, что сигареты с фильтром безопаснее.",0.0
В один миг сигареты с фильтром стали мужскими.,0.0
Мальборо выбились в лидеры продаж.,0.0
Даже в советском кино было куча скрытого продактплейсмента Мальборо.,0.0
"Куравлев в Иване Васильевиче, капитан судна в бриллиантовой руке, Пудовкин в Спортлото 82.",0.0
Сплошные мужчины.,0.0
"А самый первый ковбой, который пропагандировал крутость курения, заболел раком.",0.0
"Прошло 20 лет, и он уже убеждал нацию бросать курить на своем примере.",0.0
"В 50-е стало очевидным, у каждого рекламного агентства должна быть своя команда социологов и психологов.",0.0
"Первые проводят глубинные интервью и фокус-группы, чтобы понять, чего хочет потребитель.",0.0
Психологи должны копать еще глубже.,0.0
Моя любимая история связана с сухой заготовкой для тортов от компании General Mills.,0.0
"Берешь пакетик, заливаешь его водой с маслицем, ставишь в духовку и получаешь готовый торт.",0.0
В 30-е такой продукт был в новинку.,0.0
Домохозяйки на фокус-группах пищали от восторга от этой идеи.,0.0
"Но когда компания выпустила продукт на рынок, продажи почему-то держались на уровне Плинтуса.",0.0
"Маркетологи долго не могли понять, что, собственно, происходит.",0.0
И помогли психологи.,0.0
"Они предположили, что женщины испытывают подсознательную вину, когда готовят своим любимым мужчинам ненормальный торт, а всего лишь полуфабрикат.",0.0
Ну это как позвать гостей и заказать доставку.,0.0
Многие до сих пор считают это чуть ли не хамством.,0.0
"Друзья, это абсолютно нормально.",0.0
"Главное, чтобы вкусно было.",0.0
Как же тогда быть?,0.0
Полностью отказываться от продукта и ломать производственную линию?,0.0
Все проще.,0.0
"Нужно было просто убрать из состава смеси яичный порошок, чтобы домохозяйки сами добавляли настоящее яйцо в смесь.",0.0
И сделать это действие главной фишкой всего продукта.,0.0
"Звучит как мелочь, но в этом и разница на подсознательном уровне.",0.0
"Не ленивый полуфабрикат, а быстрое блюдо, сделанное с любовью.",0.0
Продажи компании после этого взлетели в космос.,0.0
"Вы можете думать, что знаете себя, но маркетологи знают вас лучше вас самих.",0.0
Плохо ли это?,0.0
Почему?,0.0
"Мужья рады, домохозяйки экономят время, бизнесу тем более хорошо.",0.0
Добро пожаловать в капитализм.,0.0
А может это по пивку?,0.0
"Эту фразу мы слышим постоянно от коллег по работе, друзей, подруг, с которыми давно не виделись.",0.0
"Ну да, алкоголь, но не водка же.",0.0
Пропустить пинту-другую в баре всегда приятно.,0.0
"Особенно, когда тебе рассказывают про нотки черешчатого дуба и палочки корицы в крафтовом пиве из Балашихи.",0.0
От одной бутылки ничего не будет.,0.0
"Губит людей не пиво и вообще я же не пивной алкоголик, а какой-нибудь Сергей Беляков.",0.0
И тут вы снова попались на удочку Бернейса и его учеников.,0.0
"После того, как в Штатах отменили сухой закон, репутация алкоголя все равно была подпорчена.",0.0
Годы пропаганды трезвости не прошли даром.,0.0
"К Бернейсу постучались производители пива и умоляли, если не поднять продажи, то хотя бы как-то изменить отношение потребителей, чтобы пиво, не дай бог, снова не запретили.",0.0
Бернейс в этот раз пошел к историкам и экономистам и придумал тот самый мем.,0.0
Он назвал пиво сдержанным напитком.,0.0
"Крепкий алкоголь для выпивок в специальных магазинах, а слабо алкогольное пиво для осознанных людей, которые просто хотят скрасить себе вечерок.",0.0
"После этого он паралобировал продажу пива в обычных продуктовых, а не в специальных алкомаркетах,",0.0
как было раньше.,1.0
Эмоции он сюда накачал патриотические.,1.0
"Отцы основателя, между прочим, тоже пили пиво.",1.0
И вон какую страну построили.,1.0
Сегодня все это уже забыли.,1.0
Зато несерьезное и легкое отношение к слабо алкогольному пиву никуда не делось.,1.0
В России пиво — любимейший алкоголь среди населения.,1.0
Впереди водки и вина.,1.0
Про Америку и говорить нечего.,1.0
"Там пиво стало неотъемлемой частью культуры, особенно у молодежи в колледжах с вечными играми в бирпонг.",1.0
"Это как пинг-понг, только ты целишься в красный пластиковый стакан противника с пивом.",1.0
Попал — он должен выпить его залпом.,1.0
Пиар совершенно не обязательно приводит к пагубным последствиям.,1.0
"Взять, например, кейс с мишленовскими звездами.",1.0
"Они появились благодаря компании Мишлен, которая производит шины для автомобилей.",1.0
Те самые со смешным человечком с большим количеством складок.,1.0
Изначально это был гайд для автомобилистов-путешественников начала 20 века.,1.0
"В какой отель заехать, где поесть, где бросить машину на стоянке.",1.0
Но уже с 20-х годов рейтинг сосредоточился на оценке ресторанов.,1.0
"Сегодня звезды Мишлена в культурном смысле стали известнее шин, хотя их узнаваемость, конечно, резко возросла.",1.0
"Такая же история с Санте-Клаусом,",1.0
которого по факту придумала Кока-Кола.,0.0
Раньше это был странный высокий бородач в зеленой куртке.,0.0
"Но после успешной пиар-компании 30-х годов, Санта по всему миру стал ассоциироваться с фирменным цветом Кока-Колы — красным.",0.0
Не могу не рассказать и про лучших друзей девушек.,0.0
"Помешательство на бриллиантах — это тоже блестящий маркетинговый ход пиарщиков компании The Beers, которые учились по книгам Бернейса.",0.0
«Бриллианты навсегда» — это не только фильм о Джеймсе Бонде.,0.0
Это рекламная компания корпорации The Beers.,0.0
"До этого они в течение 40 лет отгружали деньги рекламщикам, чтобы те рассказывали, что помолвочные кольца с бриллиантами — это древняя традиция из средних веков.",0.0
"Если вы действительно любите свою избранницу, без бриллианта не обойтись.",1.0
"А фильм Шонан Коннери стал кульминацией этой акции, после которой предложение руки и сердца стало ассоциироваться с продукцией The Beers.",1.0
К 80-м продажи бриллиантов США от The Beers взлетели с 23 миллионов до 2 миллиардов долларов.,1.0
Просто безумие.,1.0
О методах основателя The Beers мы рассказывали в ролике о колонизации Африки.,1.0
И это лишь самые яркие кейсы от учеников Бернейса.,1.0
"Пропаганда и психоанализ превратили граждан в потребителей, которыми правят желания.",0.0
"Но гораздо хуже, когда пропаганду используют в самых ужасных целях.",0.0
И тут Бернейс тоже поучаствовал.,0.0
Еще в молодости отец пиара подрабатывал политтехнологом.,0.0
Одним из его клиентов был президент Калвин Кулитч.,0.0
"Неординарный политик, который мог завоевать конгресс, но не толпу.",0.0
Прозвище у него было соответствующее — Тихоня Кал.,0.0
Что придумал Бернейс?,0.0
Он поднял контакты своих знакомых с Бродвее и предложил им всем позавтракать с президентом.,0.0
"Все думают, что Кулитч — тихоня и абсолютно безэмоциональный человек с покерфейсом.",0.0
"А кто может растопить сердце публики сильнее, чем звезды театральной сцены?",0.0
На следующий день в газетах вышли публикации.,0.0
Президент пообщался с театралами.,0.0
Он почти что посмеялся.,0.0
"С каким бы сарказмом к нему ни относились, рейтинги Кулитча поползли вверх.",0.0
Это была первая подобная пиар-акция в истории американских президентов.,0.0
С тех пор такие встречи с культурной элитой страны — классический прием пиарщиков любого политика.,0.0
"Для них это статус, а для вас, как президента, это кусок их популярности и их поклонников, которых они с вами делят.",1.0
"Об этой истории Бернейс писал в другой своей книге, ставшей классикой — «Пропаганда».",1.0
"Это база, основа теории манипуляции общественным мнением, как и работа Гарольда Ласуэлла «Техника пропаганды в мировой войне».",1.0
"Это полноценная инструкция, как грамотно манипулировать массами и использовать глубинные страхи и желания людей в политике.",1.0
Книга вышла в 1928 году.,0.0
"И догадайтесь, с одного раза, лидерам какой немецкой партии она очень, очень понравилась.",0.0
"И Гитлер, и Геббельс восхищались Бернейсом.",0.0
В 1933 году Йозеф Геббельс пригласил одного американского журналиста на встречу и показал ему свою библиотеку.,0.0
Среди всех работ особняком на полке стояли именно книги еврея Эдди Бернейса.,0.0
"По ужасной иронии судьбы, именно они, наравне с другими работами, дали нацистам ключи от машины под названием «гитлеровская пропаганда».",0.0
Бернейс выпустил свою книгу через 10 лет после Первой мировой.,0.0
"Немцы, конечно, провели работу над ошибками.",0.0
"Их пропаганда в Первой мировой была слабой, бестактной и абсолютно блеклой.",0.0
"Вместо того, чтобы вызывать энтузиазм, она лишь разжигала ненависть и была из рук вон плохо сделана.",0.0
Немцы решили учиться на примере победителей в той войне — британцев.,0.0
Нацисты все стали использовать символизм.,0.0
"Короткие слоганы, приветствия, свастики, которые были повсюду, и были такими маячками для обычных людей, все больше проникавшихся государственной пропагандой.",0.0
"Люди, которые до этого были безразличны к идеям нацизма, постепенно выстраивались в линию партии.",0.0
"Естественно, необходимость без цензуры и репрессий.",0.0
Все по Фрейду.,0.0
"Подсознательную любовь дарили фюреру, а агрессию вымещали на чужаках, на которых указывали Гитлер и компания.",0.0
"Инжиниринг согласия, словно рукотворная пропаганда, — ключевой нарратив Бернейса во всех его работах.",0.0
"До войны он разбрасывался им направо и налево с пометкой на полях, что пропагандой должны заниматься только образованные профессионалы.",0.0
Одна проблема — профессионалы тоже бывают мерзавцами.,0.0
"Бернейса шокировало, что его работы стали настольной литературой нацистов.",0.0
"Он понимал, что пропаганда, как и оружие, в руках страшных людей может натворить много бед.",0.0
"Однако во время войны он стал отдельно подчеркивать, что пропаганда должна основываться на принципах демократии и свободы, чтобы безумцы типа Гитлера и Геббельса больше не могли убедить целый народ, что война и геноцид — это норма.",0.0
"Позиция, конечно, хорошая, но не без изъянов.",0.0
"Отказаться от работы с Гитлером, а ему предлагали, много ума не надо.",0.0
"А что тогда делать с Франко, который реализовал испанскую версию фашизма?",0.0
В этом плане Бернейс занимал простую позицию.,0.0
"Раз я американец, то буду поддерживать американцев.",0.0
Поэтому от любых приглашений на работу из Испании он отказывался.,0.0
"Как мы помним, воевать он не мог по состоянию здоровья.",0.0
"Во время Второй мировой он возглавлял отделы в комитетах по пропаганде, писал всякие мотивирующие эссе.",0.0
"Неплохо, но госнаград за такое не дают.",0.0
По-настоящему отдать долг Родине у него получилось лишь пятидесятые.,0.0
В Центральной Америке есть одна непримечательная на первый взгляд страна — Гватемала.,1.0
На севере она граничит с Мексикой.,1.0
Ее главное достояние — это бананы.,1.0
Даже сегодня это главный экспортный продукт страны.,1.0
"Короче говоря, классическая банановая республика.",1.0
Бернейс консультировал крупнейшую банановую компанию страны — United Fruit Company.,1.0
Для удобства будем называть ее UFC.,1.0
"Так вот, главная задача у Бернейса была банальная — увеличить продажи бананов в Америке.",1.0
