100	3020	Когда процессы налажены, у вас есть время подумать,

3140	4560	как растить свой бизнес.

5080	7180	Вы создаете его здесь и сейчас,

7360	11040	а Тинькофф Бизнес создает инструменты для решения ваших задач.

12000	12900	Тинькофф Бизнес.

13340	14300	И дело делается.

19120	21760	Кто был главным человеком в истории 20 века?

22200	22900	Кто-то назовёт Ленина,

23740	25320	кто-то Рузельта или Черчилля,

25780	26820	кто-то Махатму Ганди.

27140	28440	Если человек далёк от политики,

28860	29660	он может назвать Эйнштейна,

30880	32540	Уолта Диснея или Братьев Райт.

32860	34060	Но вы даже не представляете,

34180	35420	сколько наших бытовых привычек,

36140	37200	включая привычки вредные,

37520	39180	как мы одеваемся, что мы едим,

39620	40140	что пьём,

40680	41800	появились из-за человека,

42380	44020	о котором знает узкий круг специалистов.

44920	45400	Человека,

46040	48520	статья Википедии о котором в два раза короче

48700	50260	статьи о группе Иванушки Интернешнл.

50660	53480	Я всю профессиональную карьеру был связан с медиа,

53760	57740	пиаром и диджитал индустрии и преподаю историю политической пропаганды.

58180	59960	Многим, даже среди моих студентов,

60540	62840	кажется, что мы сами руководим своей жизнью.

63100	64300	Но это тоже иллюзия,

64600	65760	которую нам навязали люди,

66320	68480	стоявшие у основания индустрии пиара.

68800	70300	Пока вы будете смотреть этот ролик,

70500	72240	вы много раз будете ловить себя на мысли,

72420	73920	что такого просто не может быть,

74140	76000	что это совпадение или выдумка.

76400	77520	Но здесь будут только факты,

78100	79960	которые подтверждены рассекреченными документами,

80620	82620	финансовыми отчётами и монографиями.

83180	84540	Многие истории легко гугляться,

84900	86180	но про них мало кто в курсе.

86500	88860	Потому что мало кому в индустрии хочется,

89140	92900	чтобы все знали, как на самом деле работают реклама и пиар.

93140	94400	В этом видео вы узнаете,

94560	96800	из-за чего люди пьют пиво и едят бекон,

97160	101940	зачем молодожены покупают кольца с бриллиантами на помолвку и почему бабушка курит трубку.

102400	104200	Вы поймёте, как работает пропаганда,

104640	106960	почему маркетологи знают нас лучше нас самих

107380	110060	и к чему приводит чёрный пиар в руках нацистов.

110580	114000	Фанаты сериала Мэдмен, для вас тоже будет несколько заготовок.

114340	115680	Сегодня мы будем говорить о том,

115820	120860	как пропаганда, реклама и пиар полностью поменяли наш образ жизни.

121240	124040	А главный герой этого выпуска — Эдвард Бернейс,

124440	126820	отец современной пропаганды и всего,

126980	128780	что связано с пиаром и рекламой.

129200	131200	Человек, который родился при Александре Третьем,

131740	132820	а умер при Ельцине.

133460	137500	Сумрачный гений, без которого 20-й век был бы совершенно другим.

137760	138460	С вами Фаеб,

138820	139360	вы на канале,

139820	141660	где интересные истории не просто рассказывают,

141980	143080	но и пытаются объяснить.

156400	161060	Эдди Бернейс родился в Вене в 1891 году в очень непростой семье.

161380	164760	Дедушка — главный раввин всего Гамбурга и родственник поэта Гейна.

165100	166280	Все родня — медики,

166520	167900	госслужащие и писатели.

168200	169640	А дядя, ни много ни мало,

169940	170440	Зигмунд Фрейд.

170900	171900	Дядя причем двойной.

172320	173960	Мама Эдварда была сестрой Фрейда,

174040	175740	а папа — братом его жены.

176080	177400	Пока Эдди еще ходил под стол,

177560	179710	Фрейд уже делал первые шаги психоанализа.

180220	182340	Разница в возрасте у них была 35 лет.

182620	184920	Через пару лет отец Бернейса перевез семью в Америку.

185240	186780	Он был довольно успешным бизнесменом,

186920	189560	но тяжелым человеком и тираном в семье.

189820	191780	В 10 лет Бернейс полюбил чтение.

192220	198480	Сам Бернейс говорил, что подтолкнул к этому его довольно простой для подрастающего мальчика вопрос — как устроен секс.

199240	201360	Спрашивать у родителей было как-то неудобно,

201720	203480	поэтому пришлось разбираться самому.

203860	205000	Каким бы папа ни был тираном,

205300	207020	денег на образование он не жалел.

207320	208900	Бернейс окончил частную школу,

209040	212300	а бакалавром стал в области сельского хозяйства в престижном университете.

212760	214680	Потом он признавался, что знания о том,

214780	216220	как правильно вспахивать землю,

216680	217640	ему особо не пригодились.

218020	224340	Ему было интересно другое — как идеи и слова могут перепахать судьбы и поведение людей.

224640	226940	Одной из его первых работ был Бродвей,

227080	229460	куда он устроился на должность пресс-секретаря-фрилансера.

229960	231560	Индустрия была довольно молодая,

231840	232880	и подход там был простой.

233420	236040	Есть новая постановка, куда надо продавать билеты.

236420	241220	Давайте будем умолять газеты что-то написать про них на последней полосе воскресного выпуска.

241500	242340	Актеры молодцы,

242760	245000	сценарий логичный, не шоу, а блеск.

245340	247220	Тот Бернейс предложил неординарный подход.

248000	251280	Он поднялся на уровень выше и расставил акценты на

251820	254060	историях, которые стоят за бродвейскими шоу.

254360	255240	Новый спектакль о том,

255360	260260	как капиталисты эксплуатируют угольщиков — делаем акцент на проблемах капитализма

260260	262360	и судьбе простого американского трудящегося,

262840	263360	а не на том,

263780	264910	как кто-то кого-то сыграл.

265440	266720	История про сирот — говорим,

266820	269880	что постановка прогрессивная, потому что общество замшело,

270240	271540	а дети заслуживают любви

271540	272220	и заботы.

272440	275960	А еще лучше — просто выпустить о сиротах статью,

276280	279980	где название постановки будет ненавязчиво упоминаться раза три.

280260	280660	Вначале,

280740	282140	в середине и ближе к концу.

282360	284800	Пиарщики называют такой трюк «отравленный сэндвич».

285460	288400	Если вам нужно донести что-то до аудитории,

289060	292900	окружите это что-то любопытной или полезной

293120	296440	историей, и внутри ее уже донесите или продайте

296720	297940	аудитории то, что вам нужно.

298360	299200	Отдельная история,

299360	301060	как Бернейс пиарил русский балет,

301300	303320	а именно русские сезоны Сергея Дягилева.

303560	304740	На тот момент сезоны уже

304860	307360	прошли в Европе и вызвали настоящий фурор.

307620	310900	Но там с культурой русского балета все были примерно знакомы.

311200	314260	В Америке никто не понимал, что пляски,

314620	317680	странные костюмы и оркестровая музыка — это вершина искусства,

318080	318800	а не какой-то фарс.

319200	320740	Бернейсу надо было объяснить,

321380	324760	почему каждый уважающий себя американец должен

325060	325660	сходить на балет.

326080	326680	Что он сделал?

327080	329500	Шаг первый — расскажи о персоналиях.

329820	330900	Не просто танцоры,

331380	334820	а несравненный Нижинский и бесподобная Корсавина,

335320	337380	представители великой балетной школы.

337560	341040	Шаг второй — разные истории для разных аудиторий.

341380	343080	Женщинам рассказываем о костюмах.

343540	347740	Состоятельных и прогрессивных мужчин очаруем невероятной музыкой и громкими

347900	348120	именами.

348580	353840	Зрителям попроще впечатлим фотографии главной танцовщицы в обтягивающем платье Шахерезаде.

354180	355660	Шаг третий — работаем

355660	358480	с предрассудками и не пытаемся переломить то, что переломить нельзя.

359060	360260	В одном журнале Бернейсу сказали,

360520	362660	что не будут публиковать фотографии танцовщиц.

363000	363960	Вот на своем уме?

364180	364400	А ничего,

364520	366100	что у них юбки не до колена.

366480	369700	И Бернейс заплатил 600 собственных долларов костюмерам,

370280	371340	чтобы их перешили.

371640	372100	Очень внушительная

372220	374260	на тот момент инвестиция сработала.

374540	377520	Миллионы женщин по всей стране увидели костюмы,

377820	379840	которые британская публика одобит.

380140	382340	Пиар-компания длилась почти два года.

382500	384180	К ее концу русский балет

384480	385400	полюбила вся Америка.

385860	393960	Консервативная страна раскрепостилась через танец и стала по-другому воспринимать свободу тела, движений и образов.

394380	395780	Сегодня такое тяжело представить,

395860	399980	но для начала 20 века русский балет был чуть ли не секс-революцией.

400420	402780	Но вскоре Америке стало не до искусства.

403740	404120	Началась

404740	405540	Первая мировая война.

408630	412140	Гениальные маркетинговые идеи иногда возникают случайно.

412400	418360	В 1949 году директор кредитной компании Фрэнк Макнамара забыл кошелек дома перед тем,

418460	419360	как пойти в ресторан.

419680	423580	Пришлось неловко извиняться перед официантом и просить у людей взаймы.

423860	426040	Чтобы таких ситуаций больше ни у кого не возникало,

426200	428020	он придумал клуб любителей ресторанов.

428280	429520	Этот клуб выдавал карточки,

429960	431680	гости предъявляли их в заведениях,

432020	434000	а в конце месяца расплачивались по счетам.

434280	437060	Так появились первые кредитки в их современном виде.

437420	440080	Стоит ли говорить, какой успех ждал эту инновацию.

440660	443940	Кредитные карты обрастали все новыми функциями и становились все выгоднее.

444400	447600	Карта Тинькофф-Платиновым достигла на этом пути больших успехов.

447960	448540	Смотрите сами.

449000	450460	Кредитный лимит до миллиона рублей,

450940	454220	кэшбэк по спецпродолжениям от партнеров банка до 30%,

454740	458120	бесплатные переводы на карты любых банков до 50 тысяч в месяц,

458460	460200	а с подпиской Тинькофф Про до сотни,

460480	464660	плюс рассрочка до 12 месяцев на любые покупки от 1000 рублей.

464920	467400	Ее, кстати, можно подключить прямо в приложение.

467680	470440	А для оформления нужен только паспорт и минута времени.

470900	475820	Банк быстро примет решение о выдаче и карту вам могут доставить в день подачи заявки.

476140	479120	Думаю, после новогодних трат эта карта пригодится многим,

479220	481680	поэтому переходите по ссылке в описании к видео

482120	484380	и ждите курьера с картой Тинькофф

484900	485620	-Платиновым уже сегодня.

485940	488900	А мы продолжаем изучать наследие Эдди Бернейса.

492200	495200	Почти весь 19 век Америка прожила под доктриной Монро.

495500	496140	Если кратко,

496860	498200	мы не лезем к вам,

498560	499720	вы не лезете к нам.

500020	502540	Европейские монархии со своими проблемами отдельно,

502940	504520	штаты с демократией отдельно.

504860	508420	В Европе за сто лет случилось больше 60 войн и восстаний.

508680	509580	Америка,

509900	511200	несмотря на гражданскую войну,

511700	514120	крови и насилия видела в разы меньше.

514400	516460	Когда в Европе разгорелась война,

516720	518100	которая покончит с войнами,

518360	522800	Америка довольно долго сохраняла нейтралитет и в целом была настроена пацифистски.

523360	527500	Но после того, как немцы затопили несколько гражданских судов с американцами на борту,

527680	531000	а займы союзникам превысили 10 миллиардов долларов,

531300	532740	которые нельзя было потерять,

533140	535880	штаты решили вступить в войну на стороне Антанты.

536320	537520	Бернейс рвался на фронт,

537720	538460	но не пустили пути.

568480	569880	Смотря на солидную разницу в возрасте,

570480	574400	57-летний Фрейд говорил с 22-летним Бернейсом на равных.

574840	577840	Бернейсу нравилось раскручивать модные фильмы, но эффект

578780	581480	сплочения вокруг флага был сильнее.

581780	583060	Бернейс хотел сделать все,

583440	584580	чтобы помочь своей стране.

584840	589260	Тут его старые друзья свели его с членами Комитета общественной информации.

589780	592480	Фактически, Министерство пропаганды Америки в Первой

592600	592920	мировой.

593200	596120	Главной задачей Комитета было объяснить гражданам,

596480	599280	что времена изоляционизма Монро закончились.

599960	600600	Все для фронта.

601040	603100	Демонизация врага, политинформация,

603460	604360	мобилизация.

604720	608400	75 тысяч волонтеров смогли мобилизовать и убедить

608600	611860	ста миллионную нацию, что Америка обязана вступить

611860	614560	в войну за тысячи километров от ее границ.

615080	617660	Бернейс вспомнил методы, которые он применял на Бродвее,

617800	619600	но для психологической войны.

619920	621500	Его коллеги с трудом понимали,

621660	622260	что он делал.

622420	622660	Например,

623060	625000	когда ему поручили работать с итальянскими

625320	627200	военными, он не стал, как остальные,

627560	630900	проговаривать в очередной раз, что немцы плохие, их надо убивать.

631360	632580	Бернейс напечатал открытки,

633000	634220	где были изображены великие

634380	636680	итальянцы, которых почитает диаспора в Америке.

636980	637400	Христофор

637460	639880	Колумб, Джузеппе Гарибальди, объединивший Италию.

640120	643960	Все ради сплочения антанты, куда входила и Россия.

644220	644700	Бернейс

644780	647000	называл это бумажными пулями победы.

647400	648220	Вскоре и обычные

648220	649480	пули сделали свое дело.

649940	651320	Страны начали вести переговоры.

651760	654680	Бернейс оказался в шорт-листе из 16 человек,

654880	658460	которые вместе с президентом Вудро Вильсоном отправились на мирную конференцию

658560	658940	в Париже.

659340	661280	Неплохо для 28-летнего пиарщика.

661840	664240	После того, как Бернейс вернулся обратно в Америку,

664840	665520	он понял, что

665840	668520	методы военной пропаганды можно было применять и в

668580	670400	мирное время на простых гражданах.

671000	674060	Желательно при этом не использовать слово пропаганда.

674280	674880	Звучит слишком

674960	675200	грубо.

675560	679180	Лучше заменить его на более нейтральное — связи с общественностью,

680120	680840	то есть пиар.

681300	683280	Пропаганда была плохим словом из-за немцев.

684100	686320	Я попытался найти какое-то новое слово.

686820	689960	Так появилось консультирование по связям с общественностью.

690680	691180	Важный момент.

691500	695220	Если этот ролик разложить на облако понятий, то есть

695620	697920	термины, которые будут употребляться чаще всего,

698700	700040	троица лидеров будет такая.

700520	701180	Пропаганда,

701740	703100	пиар и реклама.

703360	705680	Я сейчас не буду читать длинную лекцию и объяснять,

705780	707000	чем эти три понятия отличаются.

707400	708420	Я поступлю как Бернейс.

708820	710200	Дам понятный символ,

710420	712800	ассоциацию, чтобы вы поняли, как мы их будем употреблять.

713060	713690	Это матрешка.

714440	716360	Пропаганда, то есть манипулирование,

716780	719880	управление общественным мнением — это база.

720240	725480	Все инструменты маркетинга, пиара и рекламы, как ключевого маркетингового рычага,

726100	726980	все там есть.

727500	732200	Когда мы вынимаем из пропаганды политический и военный контекст,

732560	733580	мы получаем пиар.

733800	734960	По сути, то же самое.

735180	736980	Это облегченная версия пропаганды,

737060	739760	где мы по-прежнему дирижируем общественным мнением,

740260	742780	но чаще всего в интересах конкретного бренда,

743160	743520	конкретной компании.

744320	747600	Реклама — это самая мелкая матрешка в этой троице.

748180	750440	Ее основная цель — рост продаж.

750760	753260	Репутация и сила бренда, как в пиаре,

753640	755580	рекламчикам интересны в десятую очередь.

756100	757320	Главное — выручка.

757680	759040	И самое поразительное,

759300	764520	что Бернейс, как Вильям Голас, игравший в лондонских Тоттенхэме, Арсенале и Челси,

765200	767800	успел поиграть за все три команды — и пропаганду,

767900	769200	и пиар, и рекламу.

769420	770980	Причем играл он виртуозно.

771460	773500	Одним из его первых клиентов стала компания,

773720	775760	которая придумала замороженную рыбу.

775980	778000	В начале 20-х годов мало кто верил,

778160	780120	что если рыбу заморозить,

780360	781120	то она не испортится.

781700	784940	Бернейс собрал большую группу ученых и диетологов,

785480	788460	которые рассказывали о пользе нового продукта на рынке.

788860	790840	Но тогда Эдварду никто не поверил.

791580	794000	История оказалась публике слишком скользкой.

794500	796500	Первый крупный успех Бернейса — это компания,

796680	798240	которая делала сеточки для волос.

798620	801680	Вы наверняка видели их на архивных кадрах девушек начала века.

802040	804260	После Первой мировой сетки вышли из моды,

804460	806420	и компания пришла к Бернейсу за советом.

806780	808940	Никаких маркетинговых исследований тогда,

809200	810000	естественно, не было.

810260	812200	Был спрос — было предложение.

812600	813540	Спрос упал — значит,

813760	814660	это больше никому не нужно.

815020	816520	Надо думать над новыми продуктами.

817120	818040	Что сделал Бернейс?

818540	822260	Первое — пошел к главному иллюстратору журнала «Космополитен».

822560	825080	Они начали обсуждать идеал женской красоты,

825300	826820	и Бернейсу дико повезло.

827260	831520	Этому работнику «Космополитена» очень нравилась так называемая греческая прическа,

831880	835640	которую невозможно было сделать без той самой сетки для волос.

835980	841200	Тогда они решили написать письма сотне других иллюстраторов модных журналов

841880	842520	с вопросом,

842860	845520	считают ли они греческую прическу красивой.

845760	846480	Те согласились.

846960	847940	Дальше по классике.

848420	849400	Поддержка экспертов,

849560	851780	пресс-конференция, публикация в газетах,

852160	855060	а затем история разлетелась по женским клубам по всей стране.

855400	855680	Дальше.

856340	858380	Идем к комиссару здравоохранения Нью-Йорка.

858800	859940	Человек он простоватый,

860280	862300	прямой как шпала, но мы знаем,

862680	864480	что он очень любит публичность.

865280	866940	Приукрашиваем историю о том,

867120	869860	что сетки для волос очень полезны для гигиены,

870120	872240	а во время готовки вообще незаменимы.

872580	874120	И он хватается за эту тему,

874780	876720	сам убеждает своих коллег,

877400	878760	созывает пресс-конференции,

879140	884980	и неожиданно, абсолютно бесплатно идею подхватывает сенатор из Сиэтла,

885200	886200	в другом конце страны,

886240	890780	у которого в напитках в ресторанах постоянно плавали женские волосы.

891260	893760	Затем идем к министру труда и убеждаем его,

894060	898120	что сетки для волос необходимы на производстве для техники безопасности.

898680	899700	Он тоже соглашается

900300	901940	и начинает, не подозревая этого,

902340	903300	работать на Бернейса.

903740	905320	Вишенка на торте — юмор,

905560	908360	который любую идею делает ярче и прикольнее.

908740	909660	Идем в порт Нью-Йорка,

909740	912060	где стиведоры планируют спускать на воду новую баржу.

912420	915980	Платим им гонорар и просим назвать судно в честь компании,

916200	918500	которая производит сетку для волос — Венида.

918800	922480	А затем собираем пресс-конференцию и презентуем слоган «Венида

922800	923800	управляет волнами».

924260	927260	Волны, как на воде и как волнистые волосы.

927660	931680	А теперь представьте себе ничего не подозревающих американских женщин,

931980	934880	которые никогда в жизни не сталкивались

934920	935840	до этого с пиаром.

936200	937400	Буквально в один момент

938080	938840	все модельеры,

939180	942720	министры труда и здравоохранения начинают в один голос твердить,

942840	944640	что за сетками для волос будущее.

945060	947820	Вон еще Венида какую акцию креативную провела.

948180	951160	Самое время пойти и купить наконец-то уже себе эту сетку.

951460	952200	Так и произошло.

952460	954040	Продажи Вениды резко подскочили.

954320	956020	И тут Бернэйс окончательно убедился.

956800	957920	Люди очень доверчивы,

958480	959260	если не сказать жестче.

962820	964440	Возможно, дело в авторитарном отце.

964900	965220	Может быть,

965260	968120	дело в дядюшке Фреде и их задушевных беседах.

968320	968700	А может быть,

968700	969120	все вместе.

969460	972500	Но Бернэйс всегда смотрел на людей свысока.

972740	974280	Вот давайте возьмем фермера,

974620	975980	который разводит коз и

976000	977420	делает прекрасный козий сыр.

977880	978780	Ненавидит ли он своих

978780	979040	коз?

979480	980000	Конечно нет.

980240	981180	Он с ними работает,

981340	983780	они его кормят в прямом и переносном смысле.

984000	985640	Но любой фермер прекрасно

985780	986160	понимает.

986520	988820	Он наголову выше любой козы.

989060	989780	Тут та же ситуация.

990280	991000	Причем Бернэйс

991520	992860	не был каким-то расистом.

993320	993820	В свое время он

993820	996440	даже помогал обществу по защите прав цветного населения.

996720	999480	Причем делал это на юге США в 20-е годы,

999640	1003300	когда на каждого такого активиста находился мужчина в белом балахоне.

1003800	1004540	Дело было в другом.

1004820	1007080	И античные, и современные философы

1007680	1008360	всегда говорили,

1008860	1011520	что демократия — несовершенная форма правления.

1011940	1013880	Представьте себя на корабле во время шторма.

1014240	1015100	Кому вы доверите штурвал?

1016060	1017900	Специально обученному опытному капитану?

1018080	1019620	Или поступите демократически,

1020620	1021480	проведете выборы,

1022180	1026660	выслушаете все стороны и только потом дадите порулить выбранным

1026800	1028780	членам экипажа в зависимости от того,

1029240	1030080	насколько они вас

1030400	1030780	убедили.

1031040	1032200	Так же думали отцы-основатели,

1032640	1033940	когда рождалось американское государство.

1034380	1035800	У народа должна быть власть.

1036400	1038120	Но при этом нужны механизмы,

1038580	1040080	которые бы ограничивали массы.

1040580	1042680	Нужны институты, четкие правила,

1043060	1043840	никакой махновщины.

1044340	1045980	Так родилась их сложная система

1045980	1047580	с выборщиками на президентских выборах.

1047960	1050100	Посредниками между народом и властью.

1050620	1052120	При желании выборщики могут вообще

1052280	1053660	пойти против воли избирателя.

1054080	1054480	Условно,

1054880	1059220	штат проголосовал за Трампа, а выборщик, который должен по идее отдать голос

1059360	1061340	Трампу, берет и поддерживает Байдена.

1061640	1062420	Такое как раз было

1062440	1063220	в 16-м году.

1063440	1065820	Хиллари Клинтон потеряла 5 голосов выборщиков,

1066140	1067240	а Трамп потерял 2.

1067460	1069800	В 20-е годы прошлого века в Америке

1069800	1072840	каждый четвертый темнокожий и примерно каждый десятый

1072940	1074060	белый не умел читать.

1074580	1075760	В среднем по миру было еще

1075880	1078100	хуже, 2 трети населения были безграмотными.

1078400	1078660	А теперь

1078960	1080580	представьте себя на месте Бернейса.

1080880	1081880	Небедная семья,

1082680	1084820	успешные родственники, элитное образование.

1085300	1086360	Ему ли было не знать,

1086600	1089340	что публику легко можно ввести в заблуждение,

1090280	1093540	чтобы заставить ее делать неправильные вещи или вещи,

1093760	1095580	которые вы хотите, чтобы они для вас делали.

1095860	1096140	По этой

1096260	1098120	логике людьми надо управлять.

1098460	1099880	Это был такой своеобразный

1100000	1101340	просвещенный деспотизм.

1101840	1102680	Бернейс сам писал,

1102800	1106380	что вдохновлялся работами своего друга и другого известного теоретика

1106700	1108160	общественного мнения Уолтера Липмана.

1108640	1109240	Он упрекал людей

1109240	1113320	в том, что они иногда становятся растерянным стадом и призывал

1113480	1115140	поставить общественность на место.

1115640	1116140	Главный вывод

1116200	1117320	Бернейса был простой.

1117560	1122320	Единственный способ спасти людей от самих себя это их контролировать.

1122740	1123240	Послушайте,

1123380	1126140	что об отце говорила родная дочка Бернейса.

1126480	1128580	Люди работающие на него были тупыми,

1128900	1129920	дети были тупыми.

1130160	1131820	Если кто-то делал вещи не так,

1131940	1133760	как он задумал, они были тупыми.

1134160	1136380	Это слово он использовал постоянно.

1136820	1137820	Болван и тупой.

1138220	1139000	Народные массы,

1139320	1140540	они тоже были тупыми.

1140820	1143660	Естественно, на взглядах Бернейса сказались работы Фрейда.

1143980	1145380	После Первой мировой всю Европу,

1145780	1147200	особенно Германию и Австрию,

1147800	1148740	накрыл жесткий кризис.

1149260	1154160	Почти все состояние звезды психоанализа обесценилось за год и выручил племянник.

1154600	1157500	Бернейс, по сути, стал PR-менеджером Фрейда в Америке.

1157920	1161300	До него работы австрийца считались весьма маргинальными.

1161720	1167340	Благодаря его связям в медицинских кругах работы Фрейда начали живо расходиться по всей стране.

1167500	1171100	О Фрейде мы говорили в нашем видео о психотерапии как новой религии.

1171200	1173360	А сейчас давайте посмотрим на то,

1173480	1180020	как Бернейс использовал психоанализ Фрейда и Юнга и то самое коллективное бессознательное в PR.

1202080	1204720	Он сформировал культуру чтения книг в поездах.

1204960	1208200	В 2024 году новые книги не надо искать на вокзалах.

1208600	1209760	Они все в букмейте.

1209940	1210920	Например, Укрытие,

1211300	1211940	книга 2,

1212460	1212860	Смена.

1213160	1217920	В первой книге архитектора-конгрессмена пригласили строить некие подземные хранилища.

1218200	1221020	Но реальная цель проекта оказалась совсем другой.

1221200	1225080	И вот наконец-то можно прочесть долгожданное продолжение и узнать,

1225520	1229600	какая незавидная судьба ждет участников проекта в далеком будущем.

1229880	1230920	Если читать не хочется,

1231220	1231960	можно слушать.

1232260	1233900	В сервисе есть аудиосериалы,

1234360	1235620	такие как Луна 84.

1236320	1237720	Там речь о лунной тюрьме,

1237880	1241000	где главный герой постоянно на власке от смерти,

1241180	1242200	как и другие заключенные.

1242800	1244580	Но терпеть он это больше не намерен.

1245300	1248160	Страшную историю тюрьмы нам раскрыли в первом сезоне,

1248300	1250640	а во втором нас ждут другие неожиданные повороты.

1251060	1253640	Вообще в букмейте легко найти книгу на любой вкус.

1253820	1258580	Библиотека огромная, навигация суперудобная и подборки с рекомендациями под рукой.

1258880	1262420	Озвучка аудиокниг очень приятная для поездок в транспорте или прогулок.

1262800	1264880	Сервис доступен пользователям Яндекс Плюс.

1265200	1269380	Просто добавьте себе опцию букмейт и читайте или слушайте книги на здоровье.

1269680	1272840	Если подписки нет, то по промокоду, который вы видите на экране,

1273260	1275020	ее можно забрать прямо сейчас.

1275540	1277680	Бесплатно и сразу на 45 дней.

1278260	1280600	Сделать это можно по ссылке под роликом.

1280940	1283700	А мы дальше учимся у лучших пиарщиков.

1286030	1292440	В 20-е годы Бернэйс ворвался уже со стоявшимся специалистом с увесистым портфолио за плечами.

1292800	1296940	В 23-м он выпустил свой альманах «Кристаллизация общественного мнения».

1297320	1298440	Эта книга — живая классика.

1298640	1302260	Даже спустя 100 лет она остается настольным трудом любого пиарщика.

1302860	1304280	Успешный кейс за успешным кейсом.

1304520	1309180	И к 30-ти Бернэйс стал настоящим серым кардиналом американского капитализма.

1309700	1311400	Вообще ему очень повезло со временем.

1311860	1313960	Не зря 20-е годы называют ревущими.

1314400	1316100	Сразу несколько факторов совпали.

1316460	1319520	Бум производства после Первой мировой, рост рынка акций,

1319860	1322760	массовая электрификация и повсеместная мода на рекламу.

1323080	1323500	Короче говоря,

1323780	1325960	идеальная среда для пиара нового поколения.

1326320	1329000	Посмотрите на рекламу до и после Бернэйса.

1329580	1331440	Раньше акцент был на практичности.

1331800	1334580	Условно вы должны купить этот автомобиль,

1334660	1337620	потому что вы сможете на нем ездить.

1337860	1339460	Ну еще он красивый и надежный.

1339900	1341700	Эдвард Бернэйс перевернул рекламу

1342140	1342720	с ног на голову.

1343160	1343660	Почувствуйте разницу.

1344720	1346540	Не вы должны купить этот автомобиль,

1346820	1349520	а вы будете чувствовать себя лучше,

1349900	1350420	когда его купите.

1350980	1352940	Это не просто механическая купля-продажа.

1353600	1355620	Это что-то личное и сокровенное.

1356080	1359460	Возникла связь с покупкой на эмоциональном уровне.

1359840	1361740	С деньгами проблем у американцев тогда не было.

1362140	1363380	Чеки, кредиты, рассрочки.

1363660	1368720	Именно в 20-е годы жители Америки из простых граждан стали потребителями.

1369220	1370700	Раньше все хотели регулярно есть,

1371040	1374660	не умирать на работе и желательно владеть какой-то землей.

1375120	1375340	Теперь

1375980	1377600	все захотели покупать вещи.

1377860	1379520	Не просто так у них в Конституции записано,

1379720	1381580	что у человека должно быть право на счастье.

1382160	1384520	Президент Гувер на встрече с пиарщиками так и говорил.

1384740	1387380	Консюмеризм стал центром американской жизни.

1387780	1387960	Вы,

1388580	1389780	пиарщики и рекламщики,

1390340	1391740	вы формируете желание,

1392060	1395280	а люди превратились в постоянно движущиеся машины,

1395940	1399580	которые надо заправлять дозами счастья от покупок.

1399800	1402400	Бернэйс использовал все современные техники рекламы.

1402680	1406760	Популярные актрисы носили головные уборы и украшения только тех брендов,

1407140	1408140	которые работали с Бернэйсом.

1408560	1411760	Так появился продукт-плейсмент и бренд-амбасадорство.

1412180	1413420	Эффект был примерно такой же,

1413620	1414520	как с Гуччи и

1414600	1415060	Луи Виттон.

1415320	1416940	Сначала их носят рэперы,

1417220	1418220	снимают с ними клипы,

1418640	1419820	а потом о них мечтают подростки.

1420660	1423220	Забавный кейс вышел с мылом компании Procter & Gamble,

1423320	1425120	с которой Бернэйс проработал почти 30 лет.

1425140	1426400	У них была проблема.

1426840	1428700	Дети совершенно не любили мыться.

1429320	1430000	Мыло без слез

1430520	1432040	придумают только через 30 лет.

1432560	1434560	Проблему нужно было решать здесь и сейчас,

1435020	1436400	иначе продажи не поднять.

1436680	1439940	Бернэйс прошелся по психологам и придумал такой трюк.

1440450	1444700	Проспонсировать национальный конкурс по резьбе по мылу,

1444980	1446040	естественно, от Procter & Gamble.

1446300	1448320	Дети же любят что-то делать руками,

1448480	1449120	особенно тех, что помладше.

1449140	1457080	Вот пусть делают свои миниатюрные фигурки из мыла и подсознательно меняют свое и своих сверстников к нему отношение.

1457420	1458380	Точных цифр о том,

1458480	1460200	как это улучшило гигиену детей, у нас нет.

1460800	1463180	Зато мы знаем, что всего за год в конкурсе

1463480	1467020	поучаствовало почти 23 миллиона детей.

1467320	1469280	Компания поставила рекорды по продажам,

1469540	1470560	а резьба по мылу даже

1470720	1473660	сегодня остается весьма популярным хобби у детей в Штатах.

1474000	1474280	Вообще,

1474420	1475880	отношения Бернэйса с гигиеной

1476020	1477340	были чуть ли не религиозными.

1478060	1478560	Буквально.

1479180	1482660	Чистота человека стоит где-то рядом с поклонением Господу.

1482920	1485580	Например, Бернэйс был одним из популяризаторов вторирования,

1485760	1487160	то есть минерализации воды.

1487460	1489400	Это делается и сегодня для профилактики кариеса.

1489700	1491260	В следующий раз будете покупать бутылку воды,

1491560	1494480	гляньте этикетку и передавайте привет дедушке Эдди.

1494840	1496520	Если что, ничего опасного в этом нет.

1496980	1500140	Паниковать как герой кубриковского Доктор Стрэнджелав не стоит.

1500480	1501460	Ты же понимаешь,

1502680	1503720	что вторирование

1504480	1507760	это самый чудовищный коммунистический заговор,

1507800	1509920	с которым сталкивалась Америка.

1510400	1516900	Конспирологическое движение борцов против обязательного вторирования воды приписывает Бернэйсу очень спорную цитату.

1517430	1519700	Общественность готова принять все что угодно,

1520400	1523980	потому что врач это авторитет для большинства, независимо от того,

1524480	1525820	знает он что-либо или нет.

1526080	1527520	Даже если Бернэйс этого не говорил,

1528000	1529520	он точно мог так думать.

1530240	1533900	Ярче всего это проявилось в самом влиятельном пиаркесе в истории.

1534300	1535780	Речь о яичнице с беконом.

1536020	1540600	К Бернэйсу на консультацию пришел производитель бекона и попросил его, как обычно,

1541020	1541860	сделать магию.

1542140	1545800	Бернэйс посмотрел на стандартный завтрак американцев и понял, он очень легкий.

1546220	1547680	В лучшем случае тост и кофе,

1547880	1548800	в худшем вообще ничего.

1549380	1551040	А энергия с утра была нужна,

1551260	1552960	если ты шел работать ни свет ни заря.

1553160	1554300	Это есть и в нашем фольклоре.

1554560	1555620	Завтрак съешь сам,

1555860	1556980	обед подели с другом,

1557260	1558320	ужин отдай врагу.

1558580	1562260	Но индустриализация внесла свои коррективы и тренд сломался.

1562780	1563700	Что придумал Бернэйс?

1564100	1567200	Он опять пошел к своему знакомому медику и спросил его,

1567500	1570200	скажи, а какой завтрак будет полезнее?

1570700	1572080	Легкий или тяжелый?

1572340	1574160	Организм же за ночь энергию теряет,

1574520	1576680	получается плотный завтрак полезнее для здоровья.

1577080	1577840	Медик ему ответил,

1578200	1580600	наверное, да, если энергию с утра восстановить,

1580700	1582100	то здоровье от этого будет лучше.

1583620	1586320	За ночь наш организм действительно сжигает калории.

1586680	1587840	Если плотно поесть,

1588320	1590440	организм получит много калорий.

1590720	1591580	Ну получит и получит,

1591860	1592780	причем тут здоровье-то?

1593040	1597320	По этой же логике можно начинать завтракать половиной батона жареной картошки с майонезом

1597620	1599440	и сверху еще наполеончиком шлифануть,

1599600	1600880	потому что там-то калории еще больше.

1601300	1606020	Может быть Бернэйс сначала провел какое-то медицинское, нутрицелогическое исследование?

1606360	1606980	Естественно, нет.

1607300	1614840	Он просто разослал 5000 писем другим врачам с наводящими вопросами и получил от них нужные ответы.

1615220	1620400	А после этого начал бомбардировку журналистов результатами своего формирующего опроса,

1620740	1622580	который не социология никакая,

1622700	1624640	а самая настоящая агитация.

1625160	1630560	А потом уже на удобренную почву зашла та самая компания, производитель бекона.

1630880	1633120	Вот он, настоящий американский завтрак.

1633460	1634340	Сытный бекон.

1634620	1636140	Ешь его вместе с яичницей.

1636620	1638300	Разбуди свою энергию.

1638640	1642960	Всего за полгода этой акции продажи бекона пробили стратосферу.

1643300	1645260	В связи с этим остальной мир настолько полюбил бекон,

1645600	1648320	что теперь в году три международных дня бекона.

1648500	1648880	В августе,

1649020	1650000	сентябре и декабре.

1650260	1651010	Просто вдумайтесь.

1651840	1654000	Пришли бы к Бернэйсу производители индейки,

1654580	1658900	классическим американским завтраком могли бы быть индюшачьи фрикадельки или сосиски.

1659360	1665280	Но история с беконом покажется вам детской шалостью после следующего бизнес-кейса Бернэйса.

1665800	1668520	В 20-е Бернэйс начал работать с табачниками.

1669160	1672220	Когда человечество открыло для себя лучи ультрафиолета,

1672600	1675360	весь мир безосновательно считал их чем-то волшебным.

1675800	1678520	Лампы, которые сегодня валяются на антресоле вашей бабушки,

1678980	1680160	скупали абсолютно все.

1680420	1682080	И уже тогда все начинали догадываться,

1682720	1686200	что между сигаретами и онкологией есть не только корреляция,

1686720	1687620	но и каузация.

1688040	1689300	Тот же дядюшка Фрейд,

1689560	1691280	не вынимавший сигару изо рта,

1691520	1693700	последние годы жизни боролся с раком челюсти.

1694280	1698420	Табачники решили сломать этот тренд с помощью ультрафиолета.

1698880	1702480	Фанаты сериала «Безумцы» Mad Men помните самую первую серию,

1702660	1705700	где главный герой придумывал брендинг табачной компании?

1706000	1709860	И пиарщик говорит, а давайте сделаем слоган «It's toasted».

1710280	1712940	У всех табачников табак якобы не поджарен,

1713040	1714080	а у нас поджарен.

1714680	1716380	Поэтому у остальных сигареты вредные,

1716940	1718680	а у нас чуть ли не полезные.

1719120	1720740	То же самое было с ультрафиолетом.

1721180	1726200	Табак в Lucky Strike во время обработки решили засвечивать ультрафиолетовыми лампами.

1726660	1729420	Так появился слоган «Свет смягчает,

1729860	1730720	тепло очищает».

1731100	1734480	Lucky Strike — защита вашего горла и защита от кашля.

1734720	1737880	Сейчас понятно, что звучит как абсолютно неприкрытая ложь.

1738360	1739960	Но как это звучало тогда?

1740340	1742820	Курил тогда и правда чуть ли не каждый второй, даже женщины.

1743320	1744940	Только делали они это дома,

1745200	1745820	втихую.

1746000	1747680	В ресторане курящую девушку было не найти.

1748060	1750440	Общество считало женское курение вульгарной привычкой,

1750540	1751700	и женщины этого стыдились.

1752060	1756620	В 1908 году власти Нью-Йорка вообще запретили женщинам курить в общественных местах.

1756780	1757580	В 20-е годы,

1757780	1760100	когда общество начало раскрепощаться,

1760680	1762340	Lucky Strike первыми поняли,

1762540	1765520	что женскую нишу нужно поскорее занимать.

1765860	1768560	Но как заставить женщин массово курить,

1768620	1770780	чтобы они не боялись курить на улицах и в кафе?

1771160	1774380	Тем самым подсаживая на сигареты других девушек, которых видят.

1774880	1776240	И за советом пришли к Бернейсу,

1776540	1777360	и он их опять не подвел.

1777680	1781820	Он не стеснялся просить совета у людей более компетентных в какой-то узкой сфере.

1782180	1783060	И на этот раз

1783620	1784460	пошел в психоаналитику.

1785120	1786740	Специалист ему сообщил, что курение

1787420	1790240	— это сублимация орального эротизма.

1790640	1793640	Первая закурившая женщина наверняка прекрасно понимала,

1793800	1796040	что это что-то мускулинное по механике,

1796500	1798500	но все равно начала курить.

1798700	1800200	А теперь, говорит ему психоаналитик,

1800980	1801580	посмотри,

1802000	1803100	что творится в нашем обществе.

1803880	1806460	Женщины работают на тех же работах, что и мужчины,

1806920	1807600	меньше рожают,

1807900	1809060	на выборы им ходить разрешили.

1809840	1810960	Это, дорогой мистер Бернейс,

1811740	1812740	уже не просто сигареты,

1813300	1814860	это факелы свободы.

1815280	1818280	Бернейс зацепился за эту фразу и начал работать.

1818560	1821500	Он специально подобрал женщин не слишком модельной внешности,

1822300	1824620	заручился поддержкой феминистки Рутхейл,

1824960	1826520	раздал этим женщинам сигареты

1826820	1830480	и устроил митинг за права женщин на центральных улицах Манхэттена.

1830720	1832620	И пока они митинговали и курили,

1832940	1836140	их снимали заранее подосланные репортера Бернейса.

1836700	1839660	Фотографии с митинга для публикации в газетах он отбирал лично.

1840320	1843180	Десять курящих женщин, которые борются за свои права,

1843700	1844840	сколыхнули целую нацию.

1845520	1846020	Вся Америка,

1846380	1847860	от Калифорнии до Флориды,

1848240	1849520	месяц жила этой истории.

1849860	1852060	А Лаки Страйк, естественно, был на коне.

1852300	1854420	Они поменяли цвет упаковки на цвета,

1854560	1858420	которые тогда считались модными у женщин и включили медийный каток.

1858840	1860800	Древнему предрассудку пришел конец.

1861640	1863580	Возьми сигарету Лаки вместо конфеты.

1864400	1865800	Хочешь утонченную фигуру?

1866060	1868200	Никто не запретит тебе Лаки Страйк.

1868560	1871440	Последние два слогана бонусом обыгрывали тему,

1871640	1875860	что сигареты должны были заменить девушкам лишние перекусы.

1876620	1881160	Продажи Лаки били рекорды и уже в 70-е на двух курящих мужчин

1881820	1882900	приходилась одна женщина.

1883320	1886540	Вскоре женское курение стало ассоциироваться с femme fatale.

1886780	1887400	Красиво,

1887960	1890260	сексуально и, как сегодня модно говорить, empowering.

1890820	1891420	Одна проблема.

1891780	1896180	Только в 2012 году от рака легких в мире умерло полмиллиона женщин.

1896820	1902140	Можно смело сказать, что за 100 лет число жертв женского курения измеряется десятками миллионов.

1902540	1905660	Вот вам и забота о нации от Эдварда Бернейса.

1906140	1908980	Так извратить феминизм это надо было постараться.

1909420	1911280	После этих кейсов все рекламщики поняли,

1912120	1916640	психология и эмоции должны стать центром любой маркетинговой кампании.

1917740	1922020	Прямо сейчас поговорим о самых безумных идеях учеников Бернейса.

1925500	1926840	Мужская аудитория меня сейчас поймет.

1927220	1929140	Мы, когда оказываемся среди других мужчин,

1929700	1932960	подсознательно, может и осознанно начинаем с ними соревноваться.

1933460	1933700	Есть

1934220	1936500	какие-то вещи абсолютно нелогичные,

1936880	1941160	которые на глубинном уровне задевают вот это вот мужское.

1941480	1945120	Речь даже не про деньги и кто сколько может выпить и не свалиться под стол.

1945360	1945680	Например,

1946000	1946900	незаточенные ножи.

1947340	1949080	Абсолютно же иррациональная история,

1949220	1951200	но если вдруг из гостей кто-то узнает,

1951560	1953780	что у тебя дома тупые ножи,

1954060	1957300	твои добрые нетоксичные друзья наверняка тебя подколят.

1957600	1957880	Как это?

1958120	1959900	Мужик, а хозяйство не в порядке.

1960320	1961380	Это работает во всем.

1961640	1961860	Например,

1962180	1964600	вспомните этот неофициальный чемпионат мускулинности,

1964780	1966520	когда речь заходит о шашлыках.

1966860	1967540	Есть стереотип.

1967780	1969660	Мужчина может не уметь готовить,

1969760	1972100	но приготовить мясо на гриле,

1972180	1974040	барбекюшнице, на мангале, вообще где угодно.

1974460	1976100	Это чисто мужское дело.

1976440	1978180	И в Америке та же история с газоном.

1978500	1981240	Если перед твоим каркасным домом не пострижен газон,

1981480	1982400	ну какой из тебя хозяин?

1982800	1986660	Сто лет назад сигареты Мальборо изначально выпускали для женщин.

1986960	1988200	Все потому, что там были фильтры.

1988460	1988760	Считалось,

1988880	1991660	что настоящие мужики должны курить сигареты без них.

1992140	1993200	Беломор Канал Стайл.

1993560	1998260	После 60-х, когда стало очевидно, что курильщики массово умирают от онкологии,

1998720	2001380	скрывать последствия курения становилось сложнее.

2001640	2002960	Даже табачные магнаты поняли.

2003300	2006560	Или переводим курильщиков на фильтр, или теряем клиентуру.

2007040	2009200	Как решить проблему со стереотипным восприятием,

2009300	2010660	что фильтры это для женщин?

2011020	2011320	Правильно,

2011760	2014100	нужно давить на то самое мужское.

2014420	2018740	Еще один влиятельный пиарщик Лео Бернетт придумал для этого ковбоя Мальборо.

2019180	2021660	По-английски буквально «человек Мальборо».

2022000	2023500	Бренду удалось связать два,

2023980	2025680	на первый взгляд, совершенно разных мира.

2026000	2026560	С одной стороны,

2026920	2028860	квинтэссенция свободы и независимости.

2029440	2029900	А с другой,

2030280	2031760	вредная бумажка с никотином.

2032160	2033340	Реклама сработала на ура.

2033600	2036300	Ковбой Мальборо был на всех постерах страны.

2036900	2038780	На многих рекламных счетах даже не было слоганов.

2039040	2040620	Просто курящий ковбой Мальборо.

2041000	2041580	Никаких рациональных

2042340	2044360	доводов о том, что сигареты с фильтром безопаснее.

2044840	2047360	В один миг сигареты с фильтром стали мужскими.

2048040	2049720	Мальборо выбились в лидеры продаж.

2049820	2052000	Даже в советском кино было

2052160	2054220	куча скрытого продактплейсмента Мальборо.

2054520	2055480	Куравлев в Иване

2055540	2057740	Васильевиче, капитан судна в бриллиантовой руке,

2058060	2059480	Пудовкин в Спортлото 82.

2059980	2060740	Сплошные мужчины.

2060980	2062320	А самый первый ковбой,

2062800	2064860	который пропагандировал крутость курения,

2065640	2066140	заболел

2066500	2066800	раком.

2067100	2067860	Прошло 20 лет,

2067980	2069500	и он уже убеждал нацию бросать

2069660	2070560	курить на своем примере.

2070900	2072420	В 50-е стало очевидным,

2072660	2075860	у каждого рекламного агентства должна быть своя команда

2076220	2077580	социологов и психологов.

2077920	2079400	Первые проводят глубинные

2079460	2081720	интервью и фокус-группы, чтобы понять,

2082360	2083300	чего хочет потребитель.

2083920	2085520	Психологи должны копать еще глубже.

2085940	2088980	Моя любимая история связана с сухой заготовкой для тортов

2088980	2090360	от компании General Mills.

2090860	2091540	Берешь пакетик,

2091820	2095420	заливаешь его водой с маслицем, ставишь в духовку и получаешь готовый торт.

2095880	2097640	В 30-е такой продукт был в новинку.

2098100	2101400	Домохозяйки на фокус-группах пищали от восторга от этой идеи.

2101700	2104200	Но когда компания выпустила продукт на рынок,

2104940	2106820	продажи почему-то держались на уровне Плинтуса.

2107420	2109220	Маркетологи долго не могли понять, что,

2109560	2110160	собственно, происходит.

2110460	2111460	И помогли психологи.

2111840	2112600	Они предположили,

2112820	2115560	что женщины испытывают подсознательную вину,

2115780	2119220	когда готовят своим любимым мужчинам ненормальный торт,

2119480	2121000	а всего лишь полуфабрикат.

2121260	2123760	Ну это как позвать гостей и заказать доставку.

2124040	2125620	Многие до сих пор считают это чуть ли не хамством.

2126280	2127920	Друзья, это абсолютно нормально.

2128120	2129260	Главное, чтобы вкусно было.

2129580	2130300	Как же тогда быть?

2130600	2133640	Полностью отказываться от продукта и ломать производственную линию?

2133880	2134400	Все проще.

2134680	2138060	Нужно было просто убрать из состава смеси яичный порошок,

2138380	2142620	чтобы домохозяйки сами добавляли настоящее яйцо в смесь.

2143020	2146040	И сделать это действие главной фишкой всего продукта.

2146500	2146980	Звучит как мелочь,

2147920	2149980	но в этом и разница на подсознательном уровне.

2150580	2152000	Не ленивый полуфабрикат,

2152540	2153940	а быстрое блюдо,

2154300	2155500	сделанное с любовью.

2156000	2157940	Продажи компании после этого взлетели в космос.

2158460	2160080	Вы можете думать, что знаете себя,

2160440	2163120	но маркетологи знают вас лучше вас самих.

2163300	2163820	Плохо ли это?

2164100	2164380	Почему?

2164720	2166660	Мужья рады, домохозяйки экономят время,

2167020	2168100	бизнесу тем более хорошо.

2168560	2170080	Добро пожаловать в капитализм.

2170420	2171900	А может это по пивку?

2172220	2174920	Эту фразу мы слышим постоянно от коллег по работе,

2175000	2176840	друзей, подруг, с которыми давно не виделись.

2177080	2178680	Ну да, алкоголь, но не водка же.

2179140	2181140	Пропустить пинту-другую в баре всегда приятно.

2181600	2184780	Особенно, когда тебе рассказывают про нотки черешчатого дуба

2184780	2187740	и палочки корицы в крафтовом пиве из Балашихи.

2188300	2189560	От одной бутылки ничего не будет.

2189900	2192160	Губит людей не пиво и вообще я же не пивной алкоголик,

2192220	2193840	а какой-нибудь Сергей Беляков.

2194080	2198160	И тут вы снова попались на удочку Бернейса и его учеников.

2198940	2200960	После того, как в Штатах отменили сухой закон,

2201200	2203220	репутация алкоголя все равно была подпорчена.

2203760	2206420	Годы пропаганды трезвости не прошли даром.

2206660	2209840	К Бернейсу постучались производители пива и умоляли,

2210440	2211460	если не поднять продажи,

2211740	2215060	то хотя бы как-то изменить отношение потребителей, чтобы пиво,

2215520	2216620	не дай бог, снова не запретили.

2217440	2222480	Бернейс в этот раз пошел к историкам и экономистам и придумал тот самый мем.

2222860	2225240	Он назвал пиво сдержанным напитком.

2225720	2228500	Крепкий алкоголь для выпивок в специальных магазинах,

2228640	2232240	а слабо алкогольное пиво для осознанных людей,

2232580	2234780	которые просто хотят скрасить себе вечерок.

2235060	2239480	После этого он паралобировал продажу пива в обычных продуктовых,

2239620	2240380	а не в специальных алкомаркетах,

2241160	2241640	как было раньше.

2242120	2244260	Эмоции он сюда накачал патриотические.

2244900	2246780	Отцы основателя, между прочим, тоже пили пиво.

2247060	2248000	И вон какую страну построили.

2248780	2249960	Сегодня все это уже забыли.

2250300	2254580	Зато несерьезное и легкое отношение к слабо алкогольному пиву никуда не делось.

2255000	2257520	В России пиво — любимейший алкоголь среди населения.

2257860	2259000	Впереди водки и вина.

2259320	2260280	Про Америку и говорить нечего.

2260580	2262680	Там пиво стало неотъемлемой частью культуры,

2262800	2266740	особенно у молодежи в колледжах с вечными играми в бирпонг.

2267080	2267940	Это как пинг-понг,

2268000	2272340	только ты целишься в красный пластиковый стакан противника с пивом.

2272660	2274520	Попал — он должен выпить его залпом.

2274980	2278300	Пиар совершенно не обязательно приводит к пагубным последствиям.

2278520	2280920	Взять, например, кейс с мишленовскими звездами.

2281300	2283100	Они появились благодаря компании Мишлен,

2283320	2285200	которая производит шины для автомобилей.

2285520	2288160	Те самые со смешным человечком с большим количеством складок.

2288600	2293380	Изначально это был гайд для автомобилистов-путешественников начала 20 века.

2293780	2295520	В какой отель заехать, где поесть,

2295840	2297200	где бросить машину на стоянке.

2297480	2301280	Но уже с 20-х годов рейтинг сосредоточился на оценке ресторанов.

2301700	2305880	Сегодня звезды Мишлена в культурном смысле стали известнее шин,

2305980	2307000	хотя их узнаваемость, конечно,

2307580	2308520	резко возросла.

2308780	2310180	Такая же история с Санте-Клаусом,

2310520	2311360	которого по факту

2312020	2313060	придумала Кока-Кола.

2313520	2316680	Раньше это был странный высокий бородач в зеленой куртке.

2317020	2319940	Но после успешной пиар-компании 30-х годов,

2320420	2324960	Санта по всему миру стал ассоциироваться с фирменным цветом Кока-Колы — красным.

2325440	2327640	Не могу не рассказать и про лучших друзей девушек.

2328000	2333040	Помешательство на бриллиантах — это тоже блестящий маркетинговый ход пиарщиков компании The Beers,

2333440	2335080	которые учились по книгам Бернейса.

2335560	2338800	«Бриллианты навсегда» — это не только фильм о Джеймсе Бонде.

2339040	2341660	Это рекламная компания корпорации The Beers.

2342060	2346400	До этого они в течение 40 лет отгружали деньги рекламщикам,

2346600	2352440	чтобы те рассказывали, что помолвочные кольца с бриллиантами — это древняя традиция из средних веков.

2352860	2355500	Если вы действительно любите свою избранницу,

2356000	2357180	без бриллианта не обойтись.

2357760	2360320	А фильм Шонан Коннери стал кульминацией этой акции,

2360460	2365440	после которой предложение руки и сердца стало ассоциироваться с продукцией The Beers.

2365780	2368820	К 80-м продажи бриллиантов США от The Beers

2369360	2371180	взлетели с 23 миллионов

2371700	2373540	до 2 миллиардов долларов.

2373900	2374580	Просто безумие.

2374920	2378480	О методах основателя The Beers мы рассказывали в ролике о колонизации Африки.

2379040	2382080	И это лишь самые яркие кейсы от учеников Бернейса.

2382700	2384140	Пропаганда и психоанализ

2384680	2386240	превратили граждан в потребителей,

2386800	2387920	которыми правят желания.

2388300	2389420	Но гораздо хуже,

2389980	2393160	когда пропаганду используют в самых ужасных целях.

2393700	2395700	И тут Бернейс тоже поучаствовал.

2399360	2402140	Еще в молодости отец пиара подрабатывал политтехнологом.

2402520	2404920	Одним из его клиентов был президент Калвин Кулитч.

2405340	2407860	Неординарный политик, который мог завоевать конгресс,

2408120	2408700	но не толпу.

2408980	2411740	Прозвище у него было соответствующее — Тихоня Кал.

2412120	2413040	Что придумал Бернейс?

2413420	2416640	Он поднял контакты своих знакомых с Бродвее и предложил

2416640	2418500	им всем позавтракать с президентом.

2418800	2422160	Все думают, что Кулитч — тихоня и абсолютно безэмоциональный

2422300	2423480	человек с покерфейсом.

2423940	2426580	А кто может растопить сердце публики сильнее,

2427200	2428640	чем звезды театральной сцены?

2428920	2429460	На следующий

2429520	2431340	день в газетах вышли публикации.

2432020	2433840	Президент пообщался с театралами.

2434040	2435660	Он почти что посмеялся.

2436160	2438060	С каким бы сарказмом к нему ни относились,

2438540	2440320	рейтинги Кулитча поползли вверх.

2440620	2443220	Это была первая подобная пиар-акция в истории американских

2443520	2443860	президентов.

2444260	2446760	С тех пор такие встречи с культурной элитой

2446900	2449900	страны — классический прием пиарщиков любого политика.

2450280	2451080	Для них это статус,

2451460	2455760	а для вас, как президента, это кусок их популярности и их поклонников,

2456080	2457080	которых они с вами делят.

2457480	2460080	Об этой истории Бернейс писал в другой своей книге,

2460340	2462120	ставшей классикой — «Пропаганда».

2462480	2463480	Это база,

2463900	2465720	основа теории манипуляции

2466280	2470680	общественным мнением, как и работа Гарольда Ласуэлла «Техника пропаганды в мировой войне».

2470960	2472840	Это полноценная инструкция,

2473480	2480260	как грамотно манипулировать массами и использовать глубинные страхи и желания людей в политике.

2480780	2483120	Книга вышла в 1928 году.

2483360	2485080	И догадайтесь, с одного раза,

2485620	2488700	лидерам какой немецкой партии она очень,

2489620	2490460	очень понравилась.

2490900	2493740	И Гитлер, и Геббельс восхищались Бернейсом.

2494000	2500440	В 1933 году Йозеф Геббельс пригласил одного американского журналиста на встречу и показал ему свою библиотеку.

2500860	2507160	Среди всех работ особняком на полке стояли именно книги еврея Эдди Бернейса.

2507420	2508980	По ужасной иронии судьбы,

2509460	2511540	именно они, наравне с другими работами,

2512280	2516120	дали нацистам ключи от машины под названием «гитлеровская пропаганда».

2516460	2520160	Бернейс выпустил свою книгу через 10 лет после Первой мировой.

2520700	2521160	Немцы, конечно,

2521700	2523060	провели работу над ошибками.

2523400	2525640	Их пропаганда в Первой мировой была слабой,

2525940	2527560	бестактной и абсолютно блеклой.

2527980	2532450	Вместо того, чтобы вызывать энтузиазм, она лишь разжигала ненависть и была из рук вон плохо сделана.

2532940	2536600	Немцы решили учиться на примере победителей в той войне — британцев.

2537020	2539440	Нацисты все стали использовать символизм.

2539840	2541700	Короткие слоганы, приветствия,

2542100	2547040	свастики, которые были повсюду, и были такими маячками для обычных людей,

2547480	2550100	все больше проникавшихся государственной пропагандой.

2550460	2553720	Люди, которые до этого были безразличны к идеям нацизма,

2554600	2556820	постепенно выстраивались в линию партии.

2557360	2559720	Естественно, необходимость без цензуры и репрессий.

2560180	2560900	Все по Фрейду.

2561320	2563480	Подсознательную любовь дарили фюреру,

2563840	2566060	а агрессию вымещали на чужаках,

2566360	2568680	на которых указывали Гитлер и компания.

2569200	2570220	Инжиниринг согласия,

2570840	2573040	словно рукотворная пропаганда,

2573540	2575980	— ключевой нарратив Бернейса во всех его работах.

2576380	2579800	До войны он разбрасывался им направо и налево с пометкой на полях,

2579900	2584000	что пропагандой должны заниматься только образованные профессионалы.

2584360	2587640	Одна проблема — профессионалы тоже бывают мерзавцами.

2588320	2591940	Бернейса шокировало, что его работы стали настольной литературой нацистов.

2592360	2594360	Он понимал, что пропаганда, как и оружие,

2594700	2597060	в руках страшных людей может натворить много бед.

2597360	2599080	Однако во время войны он стал отдельно подчеркивать,

2599400	2603040	что пропаганда должна основываться на принципах демократии и свободы,

2603160	2606780	чтобы безумцы типа Гитлера и Геббельса больше не могли убедить целый народ,

2606980	2609000	что война и геноцид — это норма.

2609320	2610420	Позиция, конечно, хорошая,

2610840	2611560	но не без изъянов.

2611980	2613340	Отказаться от работы с Гитлером,

2613740	2615660	а ему предлагали, много ума не надо.

2616100	2617400	А что тогда делать с Франко,

2617780	2620360	который реализовал испанскую версию фашизма?

2620700	2622920	В этом плане Бернейс занимал простую позицию.

2623380	2624260	Раз я американец,

2624480	2625980	то буду поддерживать американцев.

2626760	2630660	Поэтому от любых приглашений на работу из Испании он отказывался.

2631160	2633600	Как мы помним, воевать он не мог по состоянию здоровья.

2633980	2637120	Во время Второй мировой он возглавлял отделы в комитетах по пропаганде,

2637200	2639040	писал всякие мотивирующие эссе.

2639540	2642420	Неплохо, но госнаград за такое не дают.

2642720	2646980	По-настоящему отдать долг Родине у него получилось лишь пятидесятые.

2647400	2651680	В Центральной Америке есть одна непримечательная на первый взгляд страна — Гватемала.

2652080	2653660	На севере она граничит с Мексикой.

2654260	2657120	Ее главное достояние — это бананы.

2657480	2660220	Даже сегодня это главный экспортный продукт страны.

2660280	2660720	Короче говоря,

2661060	2662880	классическая банановая республика.

2663300	2668320	Бернейс консультировал крупнейшую банановую компанию страны — United Fruit Company.

2668520	2670420	Для удобства будем называть ее UFC.

2670880	2671100	Так вот,

2671520	2676020	главная задача у Бернейса была банальная — увеличить продажи бананов в Америке.

2676520	2677980	Был классический продукт-плейсмент,

2678180	2679340	пара заказных статей о том,

2679380	2680860	что бананы невероятно полезны.

2681240	2681920	В целом ничего особенного.

2682640	2683980	Все изменилось в 50-е.

2684440	2688460	Демократически избранные президенты страны начали проводить политику,

2688900	2691420	которая затрагивала бизнес-интересы компании.

2691840	2695300	То дадут почти тысячу квадратных километров земель UFC беднякам,

2695500	2697100	то легализуют левую партию.

2697580	2700480	Самое неприятное — это введение права на забастовку,

2700760	2702360	которым воспользовались работники UFC.

2702840	2703560	Это был первый

2703640	2705780	прецедент в стране за последние лет 50.

2706280	2707120	Компания понимала

2707660	2709800	— такими темпами придется снижать маржу,

2710040	2712540	поднимать зарплаты и идти на уступки.

2712980	2715400	Когда UFC пришла на консультацию к Бернейсу,

2715920	2717800	он им сказал — товарищи,

2718100	2718880	у нас за окном

2719360	2720280	холодная война.

2720700	2722500	Главный страх американской нации

2722840	2724340	— советская атомная бомба.

2724460	2726000	И если вдруг южные соседи,

2726520	2726880	как в Гватемале,

2727240	2727600	станут коммунистами.

2728480	2733680	А тут всего в тысячи километров от южной границы светет и пахнет государство коммунистов.

2734200	2737040	Так им и сказал — кричите изо всех сил,

2737200	2741000	чтобы Америка пришла в Гватемалу и во всем разобралась.

2741380	2743300	Когда ситуация накалилась еще больше,

2743700	2747700	Бернейс вместе с ЦРУ подготовил специальную пиар-компанию,

2747840	2751020	в которой бананчиков из UFC выставляли жертвами коммунистов.

2751580	2752840	Пиарщики Ковбоя и Мальбора

2753520	2755800	специально замалчивали тему опасности сигарет.

2756040	2762760	А в Гватемале Бернейс выкинул из уравнения вопросы бизнеса и денег и обратился к инстинктам.

2763100	2765080	Это перестало быть вопросом компании,

2765440	2768260	которая не смогла наладить контакты с левым правительством.

2768880	2774820	Это была угроза национальной безопасности США и всей демократии как таковой.

2775060	2779460	Бернейс собрал команду американских журналистов и отправил их в Гватемалу.

2779680	2781000	В своих мемуарах он настаивает,

2781180	2783180	что они могли снимать и писать все,

2783300	2783880	что захотят.

2784240	2786460	Показания других свидетелей говорят о другом.

2786760	2788580	Все, что видели перед собой журналисты,

2789140	2792920	шло по четко срежиссированному сценарию «Банановых королей».

2793400	2796340	Это все была одна большая постановка,

2796660	2799560	включая жесткие антиамериканские митинги,

2800180	2802680	которые тоже режиссировал Бернейс.

2803140	2810280	После такого интенсивного прогрева ЦРУ совместно с UFC подготовили армию ополченцев и устроили госпереворот.

2810540	2812600	На место коммунистов стал правый генерал,

2812780	2815880	который остановил левые реформы и вернул UFC все,

2816000	2817700	что она успела потерять к тому моменту.

2818200	2823080	Хотелось бы сказать, что это конспирология, но рассекреченные архивы ЦРУ говорят об обратном.

2826520	2829640	Сколько денег заработала Бернейс за свою карьеру подсчитать трудно.

2829920	2833160	Лишь один контракт с банановыми магнатами приносил ему

2833160	2834700	100 тысяч долларов в год,

2834920	2836240	чуть больше миллиона долларов

2836300	2837260	в сегодняшних деньгах.

2837640	2839320	Сколько ему платили рекламщики

2839320	2842760	на пике в 20-е годы и в 40-е представить сложно.

2843160	2843460	Эдвард

2843520	2846260	Бернейс скончался на 104 году жизни

2846780	2850100	в 1995 году, когда я ходил во второй класс.

2850400	2851800	Последние 30 лет он провел

2851800	2854660	в огромном викторианском доме недалеко от Бостона,

2855000	2856900	где продолжал работу над мемуарами.

2857380	2858540	Когда ему уже было под 90,

2859120	2860540	он спокойно ходил на ток-шоу,

2860640	2863200	где бодро шутил и делился воспоминаниями.

2863660	2865240	Даже когда ему было за 100,

2865560	2867540	он отлично помнил фамилии всех тех,

2868020	2868840	с кем ему удалось

2869020	2869400	поработать.

2869900	2871680	Современники говорят, что он не был каким-то

2872220	2876420	харизматиком или человеком, который заполняет собой все пространство.

2876920	2878300	Он был не особо хорош в диалогах

2878300	2878920	тет-а-тет.

2879160	2882240	Для Бернейса это был слишком маленький масштаб,

2882540	2883800	он мыслил другими категориями.

2884860	2887960	Бернейс всегда противопоставлял пропаганду хаосу.

2888440	2890560	Представить современный мир без пропаганды

2891060	2891820	просто невозможно.

2892280	2894320	С пропагандой мы сталкиваемся каждый

2894460	2895220	день по много раз.

2895720	2897320	И далеко не всегда это политика

2897400	2898060	в чистом виде.

2898460	2899460	Здоровый образ жизни,

2899760	2900900	соблюдение ПДД,

2901460	2903940	бесконечные распродажи, донаты на благотворительность,

2904320	2905120	ролики на ютубе,

2905440	2908420	сюжеты в телевизоре — это все пропаганда.

2908920	2910960	Бороться с пропагандой так же бессмысленно,

2911080	2912380	как разговаривать с телевизором.

2912460	2913740	Но воспринимать информацию

2913860	2918040	критически в мире, который построил Бернейс и его ученики,

2918820	2919520	просто необходимо.

2919900	2921240	Еще один момент хотел проговорить

2921240	2921500	в конце.

2922000	2923620	У многих из вас наверняка возникали мысли,

2924100	2926420	ну как на это можно было вестись?

2926640	2927660	Ну каким недалеким

2927740	2930020	человеком надо быть, чтобы верить,

2930600	2935040	что сигареты могут сберечь ваше горло, а без яичницы с беконом у вас

2935200	2936020	будет упадок сил?

2936260	2937020	Тут важно понимать,

2937200	2938580	что в то время,

2938740	2940820	когда Бернейс был на пике активности,

2941220	2943640	люди еще не были так насмотренные и взыскательные,

2943960	2944380	как сейчас.

2944840	2948440	Мир рекламы и пиара был для них абсолютно неизведанным.

2948860	2951280	За 20 лет до этого многие из них электричество-то

2951360	2952800	особо не видели, и небоскребов,

2953220	2954680	и машин они тоже не видали.

2955020	2955900	Все было в новинку.

2956360	2957780	Часто люди даже не понимали,

2958000	2960780	что ими манипулируют, и все принимали за чистую монету.

2961180	2962880	Осуждать их за это неправильно.

2963320	2965020	Хотя многие приемы Бернейса

2965720	2969300	с небольшими техническими апдейтами легко сработают

2969420	2969880	и сегодня.

2970260	2971860	Но главный товар и тогда,

2972060	2973480	и сегодня это ваше

2973680	2974940	внимание и время.

2975240	2975940	И я благодарен,

2976060	2977000	что вы потратили его на

2977000	2979400	мой ролик об этом максимально неоднозначном,

2979740	2980720	но как ни крути,

2981260	2982020	великом человеке.

2982460	2983060	Важный анонс,

2983180	2985540	прежде чем мы по традиции разыграем книгу этого выпуска.

2986140	2992260	3 февраля в Москве и 23 марта в Санкт-Петербурге пройдут мои первые публичные

2992380	2993400	лекции в этом году.

2993760	2996080	Тема лекции — почему мы верим

2996220	2997520	в теории заговора.

2997800	3000140	От самых правдивых до самых невероятных

3000400	3000960	конспирологий.

3001200	3002180	Что между ними общего?

3002680	3003700	Как они используются

3003800	3004600	в пропаганде?

3005040	3007660	И почему так много людей становится

3007940	3009380	сторонниками этих теорий?

3009660	3010880	Ссылки на мероприятия я

3011260	3012300	оставлю в описании.

3012600	3012760	Ну,

3012940	3015560	с выбором книги выпуска я решил неоригинальничать.

3016100	3018060	Эдвард Бернейс «Пропаганда».

3019040	3022900	Скоро вот этой книге исполнится уже 100 лет.

3023120	3023760	Но я уверен,

3023860	3024740	что многие из вас,

3025320	3026460	прочитав эту работу,

3027180	3029820	увидят очень много подсказок к пониманию современности.

3030460	3034900	Чтобы получить культовую книгу Бернейса, надо сначала подписаться на мой телеграм-канал,

3035140	3036480	а потом под закрепленным

3036680	3041140	комментарием рассказать о рекламе из 90-х или нулевых,

3041660	3044060	которую вы запомнили на всю жизнь и о том,

3044540	3045280	как она на вас повлияла.

3045880	3047810	Может быть, вы стали партнером МММ,

3048220	3051140	или когда-то закупились на всю зарплату в магазине

3051160	3054720	на диване, или вы расплакались от социальной рекламы «Дима,

3055560	3056200	помаши рукой маме».

3056740	3058920	Я жду ваших ответов в комментариях.

3059320	3059960	А с вами был Файб,

3060320	3062400	следующее видео уже совсем скоро.

3062800	3063140	Пока!